Initial Water Level,Rainfall Intensity,Final Water Level
11.3,0.0,11.3
11.3,0.0,11.2
11.3,0.0,11.0
11.3,0.0,11.7
11.3,0.0,11.4
11.3,0.0,11.7
11.3,0.0,11.9
11.3,0.01,11.7
11.3,0.01,13.0
11.3,0.01,12.9
11.3,0.01,13.4
11.3,0.01,13.2
11.3,0.01,14.3
11.3,0.01,13.1
11.3,0.01,13.5
11.3,0.01,14.0
11.3,0.02,14.8
11.3,0.02,13.7
11.3,0.02,14.6
11.3,0.02,15.0
11.3,0.02,14.4
11.3,0.02,13.4
11.3,0.02,13.5
11.3,0.02,15.0
11.3,0.03,14.9
11.3,0.03,13.5
11.3,0.03,13.8
11.3,0.03,16.1
11.3,0.03,14.6
11.3,0.03,14.8
11.3,0.03,14.7
11.3,0.03,14.4
11.3,0.04,15.1
11.3,0.04,14.4
11.3,0.04,17.6
11.3,0.04,16.7
11.3,0.04,16.0
11.3,0.04,15.8
11.3,0.04,15.5
11.3,0.04,16.0
11.3,0.04,15.2
11.3,0.04,16.0
11.3,0.04,16.5
11.3,0.04,17.4
11.3,0.05,16.1
11.3,0.05,16.3
11.3,0.05,16.9
11.3,0.05,16.5
11.3,0.05,16.3
11.3,0.05,17.2
11.3,0.05,16.3
11.3,0.06,15.3
11.3,0.06,15.8
11.3,0.06,15.7
11.3,0.06,15.6
11.3,0.06,16.0
11.3,0.06,16.3
11.3,0.06,17.5
11.3,0.07,17.6
11.3,0.07,15.1
11.3,0.07,16.8
11.3,0.07,16.6
11.3,0.07,16.3
11.3,0.07,15.4
11.3,0.07,15.1
11.3,0.08,15.9
11.3,0.08,15.2
11.3,0.08,16.0
11.3,0.08,16.4
11.3,0.08,15.6
11.3,0.08,16.3
11.3,0.08,15.6
11.3,0.08,17.6
11.3,0.08,15.1
11.3,0.08,15.9
11.3,0.09,15.7
11.3,0.09,15.4
11.3,0.09,15.8
11.3,0.09,15.5
11.3,0.09,15.7
11.3,0.09,16.1
11.3,0.09,15.4
11.3,0.09,16.9
11.3,0.09,17.5
11.3,0.1,15.7
11.3,0.1,16.2
11.3,0.1,15.8
11.3,0.1,15.7
11.3,0.1,15.8
11.3,0.1,17.4
11.3,0.1,16.7
11.3,0.1,16.5
11.3,0.11,15.5
11.3,0.11,15.7
11.3,0.11,16.7
11.3,0.11,16.6
11.3,0.11,16.5
11.3,0.11,15.8
11.3,0.11,15.7
11.3,0.11,16.7
11.3,0.11,16.5
11.3,0.12,15.7
11.3,0.12,15.6
11.3,0.12,15.5
11.3,0.12,16.0
11.3,0.12,15.7
11.3,0.12,15.9
11.3,0.12,16.7
11.3,0.12,16.2
11.3,0.12,18.0
11.3,0.12,16.5
11.3,0.12,15.3
11.3,0.12,16.2
11.3,0.12,16.3
11.3,0.12,16.2
11.3,0.13,16.0
11.3,0.13,16.2
11.3,0.13,15.9
11.3,0.13,15.6
11.3,0.13,16.7
11.3,0.13,15.1
11.3,0.13,16.5
11.3,0.13,15.9
11.3,0.14,15.9
11.3,0.14,16.9
11.3,0.14,15.3
11.3,0.14,16.1
11.3,0.14,16.5
11.3,0.14,16.6
11.3,0.14,16.2
11.3,0.14,16.4
11.3,0.14,16.2
11.3,0.15,15.9
11.3,0.15,15.9
11.3,0.15,15.9
11.3,0.15,15.5
11.3,0.15,17.0
11.3,0.15,15.4
11.3,0.16,15.2
11.3,0.16,16.2
11.3,0.16,16.5
11.3,0.16,15.8
11.3,0.16,15.9
11.3,0.16,16.3
11.3,0.16,15.8
11.3,0.16,18.0
11.3,0.16,15.5
11.3,0.16,15.3
11.3,0.16,16.3
11.3,0.16,16.1
11.3,0.16,16.3
11.3,0.17,16.0
11.3,0.17,15.8
11.3,0.17,15.7
11.3,0.17,15.7
11.3,0.17,18.2
11.3,0.17,16.8
11.3,0.17,15.5
11.3,0.17,15.7
11.3,0.17,16.0
11.3,0.18,15.5
11.3,0.18,15.8
11.3,0.18,16.1
11.3,0.18,15.8
11.3,0.18,17.2
11.3,0.18,16.2
11.3,0.18,14.8
11.3,0.18,16.1
11.3,0.19,16.2
11.3,0.19,16.8
11.3,0.19,15.8
11.3,0.19,15.7
11.3,0.19,15.8
11.3,0.19,16.5
11.3,0.19,16.4
11.3,0.19,16.9
11.3,0.19,15.4
11.3,0.2,16.2
11.3,0.2,17.9
11.3,0.2,15.4
11.3,0.2,16.3
11.3,0.2,16.2
11.3,0.2,16.0
11.3,0.2,15.8
11.3,0.2,16.4
11.3,0.2,17.1
11.3,0.2,16.1
11.3,0.2,15.8
11.3,0.2,15.6
11.3,0.21,16.1
11.3,0.21,15.3
11.3,0.21,15.5
11.3,0.21,16.8
11.3,0.21,15.5
11.3,0.21,16.1
11.3,0.21,15.2
11.3,0.21,16.6
11.3,0.21,16.2
11.3,0.22,15.3
11.3,0.22,15.9
11.0,0.0,11.0
11.0,0.0,11.4
11.0,0.0,12.3
11.0,0.0,12.0
11.0,0.0,12.7
11.0,0.0,13.0
11.0,0.01,12.7
11.0,0.01,13.0
11.0,0.01,14.5
11.0,0.01,13.1
11.0,0.01,14.2
11.0,0.01,14.7
11.0,0.01,13.3
11.0,0.02,14.2
11.0,0.02,14.9
11.0,0.02,14.3
11.0,0.02,15.0
11.0,0.03,15.5
11.0,0.03,14.2
11.0,0.03,14.4
11.0,0.03,14.9
11.0,0.03,14.2
11.0,0.03,14.6
11.0,0.03,14.9
11.0,0.03,13.5
11.0,0.04,14.2
11.0,0.04,14.2
11.0,0.04,13.4
11.0,0.05,16.1
11.0,0.05,15.9
11.0,0.05,13.8
11.0,0.05,15.3
11.0,0.05,14.5
11.0,0.05,15.2
11.0,0.05,15.0
11.0,0.06,13.8
11.0,0.06,16.1
11.0,0.06,14.7
11.0,0.07,14.7
11.0,0.07,15.3
11.0,0.07,14.6
11.0,0.07,16.0
11.0,0.07,15.6
11.0,0.07,15.3
11.0,0.07,14.5
11.0,0.07,15.2
11.0,0.08,15.0
11.0,0.08,15.6
11.0,0.08,15.6
11.0,0.09,14.9
11.0,0.09,16.7
11.0,0.09,15.8
11.0,0.09,15.5
11.0,0.09,16.5
11.0,0.09,16.2
11.0,0.09,15.6
11.0,0.09,16.5
11.0,0.1,16.1
11.0,0.1,15.6
11.0,0.1,15.6
11.0,0.11,16.0
11.0,0.11,15.5
11.0,0.11,15.1
11.0,0.11,15.6
11.0,0.11,15.4
11.0,0.11,15.9
11.0,0.11,16.9
11.0,0.11,17.4
11.0,0.11,15.1
11.0,0.12,16.9
11.0,0.12,16.1
11.0,0.12,16.2
11.0,0.12,15.2
11.0,0.12,15.6
11.0,0.12,15.2
11.0,0.12,15.6
11.0,0.12,16.2
11.0,0.13,15.5
11.0,0.13,15.9
11.0,0.13,15.1
11.0,0.13,15.5
11.0,0.14,15.3
11.0,0.14,15.1
11.0,0.14,15.8
11.0,0.14,15.4
11.0,0.14,16.0
11.0,0.14,14.9
11.0,0.14,15.2
11.0,0.14,15.0
11.0,0.14,15.0
11.0,0.15,15.3
11.0,0.15,15.4
11.0,0.15,16.4
11.0,0.15,15.6
11.0,0.15,15.0
11.0,0.16,15.7
11.0,0.16,15.4
11.0,0.16,16.2
11.0,0.16,15.6
11.0,0.16,15.2
11.0,0.16,15.1
11.0,0.16,14.8
11.0,0.17,16.1
11.0,0.17,15.8
11.0,0.17,14.6
11.0,0.17,15.6
11.0,0.17,15.9
11.0,0.18,15.7
11.0,0.18,14.9
11.0,0.18,15.2
11.0,0.18,15.6
11.0,0.18,15.6
11.0,0.18,14.4
11.0,0.18,15.2
11.0,0.18,16.8
11.0,0.18,15.6
11.0,0.19,16.4
11.0,0.19,14.9
11.0,0.19,15.4
11.0,0.19,15.9
11.0,0.2,16.0
11.0,0.2,15.6
11.0,0.2,15.4
11.0,0.2,15.4
11.0,0.2,15.8
11.0,0.2,15.1
11.0,0.2,15.1
11.0,0.2,15.2
11.0,0.21,15.8
11.0,0.21,16.0
11.0,0.21,15.2
11.0,0.22,15.3
11.0,0.22,14.8
11.0,0.22,14.9
11.0,0.22,15.3
11.0,0.22,15.1
11.0,0.22,15.6
11.0,0.22,15.4
11.0,0.23,15.5
11.0,0.23,14.8
11.0,0.23,14.7
11.0,0.23,15.3
11.0,0.24,17.3
11.0,0.24,18.1
11.0,0.24,14.9
11.0,0.24,15.0
11.0,0.24,16.1
11.0,0.24,16.4
11.0,0.25,15.1
11.0,0.25,18.1
11.0,0.25,15.8
11.0,0.25,17.5
11.0,0.26,14.4
11.0,0.26,16.4
11.0,0.26,16.8
11.0,0.26,17.3
11.0,0.26,16.0
11.0,0.26,16.0
11.0,0.26,15.9
11.0,0.27,15.8
11.0,0.27,15.9
11.0,0.27,15.9
11.0,0.28,16.3
11.0,0.28,15.8
11.0,0.28,15.8
11.0,0.28,16.8
11.0,0.28,18.0
11.0,0.28,15.6
11.0,0.28,15.5
11.0,0.29,16.0
11.0,0.29,15.3
11.0,0.29,15.9
11.0,0.29,16.3
11.0,0.29,16.1
11.0,0.3,15.2
11.0,0.3,15.6
11.0,0.3,17.0
11.0,0.3,15.7
11.0,0.3,15.8
11.0,0.3,16.5
11.0,0.3,15.4
11.0,0.31,17.0
11.0,0.31,15.3
11.0,0.31,15.4
11.0,0.31,15.3
11.0,0.31,15.8
11.0,0.32,15.6
11.0,0.32,15.2
11.0,0.32,17.4
11.0,0.32,15.5
11.0,0.32,15.1
11.0,0.32,16.0
11.0,0.32,15.9
11.0,0.32,15.6
11.0,0.32,15.7
11.0,0.32,15.9
11.0,0.32,15.7
11.0,0.32,15.7
11.0,0.32,15.9
11.0,0.32,15.9
7.75,0.0,7.75
7.75,0.0,10.21
7.75,0.0,9.04
7.75,0.0,9.71
7.75,0.0,8.55
7.75,0.0,11.06
7.75,0.01,10.38
7.75,0.01,11.89
7.75,0.01,11.73
7.75,0.01,11.39
7.75,0.01,11.06
7.75,0.01,9.2
7.75,0.01,11.39
7.75,0.01,11.89
7.75,0.02,11.73
7.75,0.02,10.72
7.75,0.02,11.23
7.75,0.02,11.73
7.75,0.02,13.01
7.75,0.02,12.7
7.75,0.02,12.38
7.75,0.02,12.22
7.75,0.02,11.73
7.75,0.03,12.54
7.75,0.03,11.56
7.75,0.03,13.62
7.75,0.03,13.32
7.75,0.03,13.17
7.75,0.03,14.05
7.75,0.03,12.7
7.75,0.04,12.06
7.75,0.04,13.76
7.75,0.04,13.91
7.75,0.04,13.91
7.75,0.04,12.7
7.75,0.04,13.91
7.75,0.04,13.47
7.75,0.04,14.87
7.75,0.04,15.25
7.75,0.05,15.12
7.75,0.05,14.87
7.75,0.05,15.87
7.75,0.05,15.5
7.75,0.05,15.38
7.75,0.05,16.35
7.75,0.05,15.99
7.75,0.05,16.11
7.75,0.05,15.25
7.75,0.05,16.47
7.75,0.06,16.71
7.75,0.06,16.47
7.75,0.06,16.35
7.75,0.06,16.59
7.75,0.06,17.09
7.75,0.06,16.83
7.75,0.06,16.83
7.75,0.06,17.22
7.75,0.06,16.83
7.75,0.07,17.63
7.75,0.07,18.43
7.75,0.07,18.26
7.75,0.07,17.09
7.75,0.07,18.26
7.75,0.07,17.93
7.75,0.07,18.26
7.75,0.08,20.19
7.75,0.08,22.53
7.75,0.08,21.07
7.75,0.08,21.07
7.75,0.08,23.87
7.75,0.08,22.13
7.75,0.08,21.76
7.75,0.08,22.13
7.75,0.09,21.07
7.75,0.09,22.13
7.75,0.09,21.76
7.75,0.1,21.07
7.75,0.1,21.76
7.75,0.1,32.33
7.75,0.1,26.72
7.75,0.1,26.72
7.75,0.1,28.86
7.75,0.1,23.87
7.75,0.1,27.39
7.75,0.11,23.87
7.75,0.11,23.87
7.75,0.11,23.4
7.75,0.11,23.87
7.75,0.11,26.72
7.75,0.11,26.08
7.75,0.11,28.1
7.75,0.12,30.5
7.75,0.12,26.72
7.75,0.12,23.4
7.75,0.12,23.87
7.75,0.12,24.38
7.75,0.12,22.53
7.75,0.12,23.4
7.75,0.12,27.39
7.75,0.13,29.66
7.75,0.13,23.4
7.75,0.13,26.72
7.75,0.13,24.38
7.75,0.14,27.39
7.75,0.14,31.39
7.75,0.14,23.87
7.75,0.14,28.1
7.75,0.14,28.86
7.75,0.14,27.39
7.75,0.14,34.38
7.75,0.14,23.4
7.75,0.15,22.95
7.75,0.15,27.39
7.75,0.15,23.4
7.75,0.16,28.1
7.75,0.16,28.1
7.75,0.16,27.39
7.75,0.16,27.39
7.75,0.16,24.91
7.75,0.16,28.1
7.75,0.16,28.1
7.75,0.16,31.39
7.75,0.16,28.86
7.75,0.16,29.66
7.75,0.16,26.08
7.75,0.16,26.72
7.75,0.17,25.48
7.75,0.17,26.08
7.75,0.17,28.1
7.75,0.18,25.48
7.75,0.18,30.5
7.75,0.18,27.39
7.75,0.18,28.1
7.75,0.18,30.5
7.75,0.18,26.08
7.75,0.18,26.72
7.75,0.18,26.08
7.75,0.19,28.86
7.75,0.19,27.39
7.75,0.19,28.86
7.75,0.2,31.39
7.75,0.2,32.33
7.75,0.2,26.08
7.75,0.2,23.87
7.75,0.2,28.86
7.75,0.2,26.08
7.75,0.2,30.5
7.75,0.2,30.5
7.75,0.21,26.08
7.75,0.21,36.65
7.75,0.21,28.86
7.75,0.21,24.91
7.75,0.21,24.91
7.75,0.21,24.38
7.75,0.21,30.5
7.75,0.22,29.66
7.75,0.22,35.48
7.75,0.22,31.39
7.75,0.22,37.88
7.75,0.23,28.1
7.75,0.23,24.38
7.75,0.23,28.1
7.75,0.23,26.72
7.75,0.23,25.48
7.75,0.23,31.39
7.75,0.23,29.66
7.75,0.23,27.39
7.75,0.24,26.72
7.75,0.24,23.4
7.75,0.24,22.95
7.75,0.24,26.08
7.75,0.24,23.87
7.75,0.24,22.13
7.75,0.24,29.66
7.75,0.25,26.08
7.75,0.25,22.53
7.75,0.25,30.5
7.75,0.25,25.48
7.75,0.25,26.72
7.75,0.25,28.1
7.75,0.25,23.4
7.75,0.25,28.1
7.75,0.26,25.48
7.75,0.26,30.5
7.75,0.26,27.39
7.75,0.27,27.39
7.75,0.27,27.39
7.75,0.27,26.08
7.75,0.27,29.66
7.75,0.27,27.39
7.75,0.27,23.87
7.75,0.27,23.87
7.75,0.27,28.86
7.75,0.28,39.17
7.75,0.28,33.33
7.75,0.28,23.87
7.75,0.28,28.86
7.75,0.28,30.5
7.75,0.28,27.39
7.75,0.28,24.38
3.0,0.0,3.0
3.0,0.0,3.1
3.0,0.0,3.6
3.0,0.0,3.9
3.0,0.0,4.5
3.0,0.0,4.8
3.0,0.0,4.9
3.0,0.01,4.9
3.0,0.01,5.4
3.0,0.01,5.7
3.0,0.02,5.8
3.0,0.02,6.3
3.0,0.02,6.2
3.0,0.02,6.9
3.0,0.03,7.6
3.0,0.03,6.9
3.0,0.03,7.1
3.0,0.04,6.1
3.0,0.04,7.4
3.0,0.04,8.0
3.0,0.04,7.2
3.0,0.04,8.1
3.0,0.04,7.9
3.0,0.04,7.9
3.0,0.05,8.6
3.0,0.05,8.8
3.0,0.05,8.6
3.0,0.06,8.9
3.0,0.06,8.7
3.0,0.06,8.6
3.0,0.07,8.5
3.0,0.07,9.1
3.0,0.07,8.4
3.0,0.07,8.5
3.0,0.08,9.3
3.0,0.08,9.2
3.0,0.08,9.3
3.0,0.09,9.3
3.0,0.09,9.5
3.0,0.09,9.9
3.0,0.09,9.7
3.0,0.09,9.5
3.0,0.09,10.2
3.0,0.09,9.6
3.0,0.09,9.8
3.0,0.1,10.1
3.0,0.1,10.8
3.0,0.1,11.1
3.0,0.11,10.4
3.0,0.11,10.8
3.0,0.11,10.1
3.0,0.11,10.7
3.0,0.12,10.4
3.0,0.12,11.1
3.0,0.12,10.7
3.0,0.13,11.4
3.0,0.13,12.2
3.0,0.13,11.9
3.0,0.13,12.4
3.0,0.14,12.0
3.0,0.14,11.5
3.0,0.14,11.4
3.0,0.14,10.4
3.0,0.14,11.3
3.0,0.14,11.3
3.0,0.14,11.9
3.0,0.14,12.1
3.0,0.14,12.3
3.0,0.15,13.0
3.0,0.15,13.1
3.0,0.15,12.7
3.0,0.15,12.2
3.0,0.15,12.0
3.0,0.15,12.7
3.0,0.15,11.9
3.0,0.15,13.1
3.0,0.15,12.9
3.0,0.15,13.0
3.0,0.15,14.3
3.0,0.16,13.9
3.0,0.16,13.7
3.0,0.16,14.0
3.0,0.16,15.0
3.0,0.16,15.1
3.0,0.16,14.3
3.0,0.16,14.9
3.0,0.17,14.4
3.0,0.17,15.0
3.0,0.17,15.0
3.0,0.17,14.8
3.0,0.18,16.0
3.0,0.18,15.2
3.0,0.18,14.8
3.0,0.18,14.8
3.0,0.19,15.8
3.0,0.19,15.8
3.0,0.19,16.8
3.0,0.2,15.9
3.0,0.2,16.3
3.0,0.2,16.5
3.0,0.2,16.3
3.0,0.2,17.2
3.0,0.2,17.1
3.0,0.2,16.5
3.0,0.2,16.9
3.0,0.21,18.0
3.0,0.21,16.9
3.0,0.21,16.7
3.0,0.21,16.4
3.0,0.22,16.3
3.0,0.22,16.5
3.0,0.22,17.2
3.0,0.22,16.4
3.0,0.22,16.8
3.0,0.22,16.4
3.0,0.22,16.8
3.0,0.22,16.9
3.0,0.22,16.8
3.0,0.22,16.3
3.0,0.22,16.5
3.0,0.22,16.3
3.0,0.22,16.6
3.0,0.22,16.5
3.0,0.22,16.2
3.0,0.22,16.2
3.0,0.22,16.6
3.0,0.22,16.4
3.0,0.22,16.1
3.0,0.22,16.2
3.0,0.22,16.3
3.0,0.22,16.4
3.0,0.22,16.5
3.0,0.22,16.4
3.0,0.22,16.5
3.0,0.22,16.4
3.0,0.22,16.4
3.0,0.22,16.4
3.0,0.22,16.4
3.0,0.22,16.2
3.0,0.22,16.4
3.0,0.22,16.2
3.0,0.22,16.5
3.0,0.22,16.3
3.0,0.22,16.4
3.0,0.22,16.4
3.0,0.22,16.3
3.0,0.22,16.5
3.0,0.22,16.3
3.0,0.22,16.4
3.0,0.22,16.4
3.0,0.22,16.3
3.0,0.22,16.3
3.0,0.22,16.1
3.0,0.22,16.4
3.0,0.22,16.0
3.0,0.22,16.4
3.0,0.22,16.4
3.0,0.22,16.4
3.0,0.22,16.2
3.0,0.22,16.2
3.0,0.22,16.4
3.0,0.22,16.0
3.0,0.22,16.5
3.0,0.22,16.4
3.0,0.22,16.2
3.0,0.22,16.0
3.0,0.22,16.4
3.0,0.22,16.5
3.0,0.22,16.3
3.0,0.22,16.1
3.0,0.22,16.4
3.0,0.22,16.2
3.0,0.22,16.7
3.0,0.22,16.4
3.0,0.22,16.3
3.0,0.22,16.2
3.0,0.22,16.4
3.0,0.22,16.0
3.0,0.22,16.3
3.0,0.22,16.2
3.0,0.22,16.3
3.0,0.22,16.4
3.0,0.22,16.1
3.0,0.22,16.3
3.0,0.22,16.5
3.0,0.22,16.4
3.0,0.22,16.2
3.0,0.22,16.3
3.0,0.22,16.3
3.0,0.22,16.1
3.0,0.22,16.1
3.0,0.22,16.1
3.0,0.22,16.4
3.0,0.22,16.1
3.0,0.22,16.5
3.0,0.22,16.0
3.0,0.22,16.3
3.0,0.22,16.7
3.0,0.22,16.3
3.0,0.22,16.1
9.54,0.0,9.54
9.54,0.0,9.54
9.54,0.0,9.2
9.54,0.0,9.37
9.54,0.0,9.71
9.54,0.0,8.87
9.54,0.0,9.2
9.54,0.0,8.38
9.54,0.0,8.07
9.54,0.0,7.75
9.54,0.01,10.05
9.54,0.01,10.55
9.54,0.01,10.55
9.54,0.02,10.38
9.54,0.02,10.38
9.54,0.02,7.6
9.54,0.02,10.72
9.54,0.02,10.05
9.54,0.02,12.22
9.54,0.02,9.54
9.54,0.03,11.23
9.54,0.03,10.55
9.54,0.03,10.38
9.54,0.03,9.88
9.54,0.03,11.39
9.54,0.03,11.56
9.54,0.04,11.89
9.54,0.04,12.06
9.54,0.04,11.73
9.54,0.04,11.23
9.54,0.04,12.06
9.54,0.04,12.38
9.54,0.04,11.73
9.54,0.05,9.88
9.54,0.05,12.38
9.54,0.05,11.06
9.54,0.05,11.23
9.54,0.06,11.89
9.54,0.06,11.89
9.54,0.06,13.17
9.54,0.06,11.56
9.54,0.06,12.54
9.54,0.06,13.17
9.54,0.06,13.32
9.54,0.07,13.01
9.54,0.07,13.01
9.54,0.07,12.38
9.54,0.07,13.62
9.54,0.07,13.32
9.54,0.07,14.19
9.54,0.07,13.91
9.54,0.08,14.19
9.54,0.08,14.74
9.54,0.08,14.6
9.54,0.08,14.47
9.54,0.08,15.5
9.54,0.08,15.25
9.54,0.08,15.74
9.54,0.08,16.71
9.54,0.09,16.83
9.54,0.09,16.35
9.54,0.09,16.11
9.54,0.1,16.11
9.54,0.1,17.09
9.54,0.1,17.09
9.54,0.1,16.71
9.54,0.1,15.99
9.54,0.1,15.38
9.54,0.1,15.99
9.54,0.11,15.38
9.54,0.11,16.11
9.54,0.11,16.96
9.54,0.11,15.99
9.54,0.12,16.47
9.54,0.12,15.5
9.54,0.12,15.74
9.54,0.12,15.87
9.54,0.12,17.22
9.54,0.12,15.5
9.54,0.12,15.74
9.54,0.13,15.62
9.54,0.13,15.87
9.54,0.13,15.0
9.54,0.14,15.74
9.54,0.14,16.11
9.54,0.14,15.87
9.54,0.14,17.22
9.54,0.14,16.11
9.54,0.14,16.11
9.54,0.15,15.74
9.54,0.15,16.23
9.54,0.15,15.5
9.54,0.15,15.0
9.54,0.16,15.12
9.54,0.16,17.63
9.54,0.16,16.23
9.54,0.16,15.74
9.54,0.16,15.62
9.54,0.16,15.62
9.54,0.16,15.74
9.54,0.17,15.62
9.54,0.17,15.5
9.54,0.17,16.96
9.54,0.18,15.87
9.54,0.18,15.87
9.54,0.18,15.87
9.54,0.18,15.99
9.54,0.18,15.38
9.54,0.18,15.74
9.54,0.18,15.12
9.54,0.18,15.5
9.54,0.19,17.78
9.54,0.19,17.49
9.54,0.19,15.74
9.54,0.19,15.74
9.54,0.19,15.12
9.54,0.19,15.38
9.54,0.19,16.71
9.54,0.2,15.99
9.54,0.2,15.38
9.54,0.2,16.11
9.54,0.2,16.11
9.54,0.2,15.99
9.54,0.2,15.87
9.54,0.2,15.87
9.54,0.21,15.5
9.54,0.21,17.22
9.54,0.21,17.63
9.54,0.22,17.78
9.54,0.22,16.23
9.54,0.22,15.62
9.54,0.22,16.11
9.54,0.22,15.12
9.54,0.22,15.5
9.54,0.23,15.74
9.54,0.23,16.35
9.54,0.23,16.71
9.54,0.23,17.63
9.54,0.24,16.83
9.54,0.24,15.12
9.54,0.24,15.5
9.54,0.24,15.74
9.54,0.24,15.87
9.54,0.24,15.25
9.54,0.25,15.5
9.54,0.25,15.12
9.54,0.25,17.63
9.54,0.25,16.83
9.54,0.26,16.23
9.54,0.26,17.49
9.54,0.26,18.43
9.54,0.26,15.87
9.54,0.26,15.99
9.54,0.26,16.59
9.54,0.26,16.11
9.54,0.26,16.11
9.54,0.26,16.47
9.54,0.26,17.49
9.54,0.26,16.35
9.54,0.26,16.59
9.54,0.26,16.23
9.54,0.27,16.47
9.54,0.27,16.11
9.54,0.27,16.83
9.54,0.27,17.49
9.54,0.27,16.47
9.54,0.27,18.8
9.54,0.27,16.23
9.54,0.27,16.11
9.54,0.27,17.49
9.54,0.28,16.23
9.54,0.28,18.8
9.54,0.28,16.83
9.54,0.28,16.59
9.54,0.28,16.59
9.54,0.28,16.59
9.54,0.28,16.23
9.54,0.28,16.47
9.54,0.29,16.59
9.54,0.29,16.59
9.54,0.29,16.23
9.54,0.29,16.23
9.54,0.29,17.93
9.54,0.29,16.83
9.54,0.29,16.35
9.54,0.29,16.59
9.54,0.3,16.23
9.54,0.3,16.83
9.54,0.3,16.47
9.54,0.3,16.23
9.54,0.3,16.11
9.54,0.3,16.59
9.54,0.3,16.96
9.54,0.3,17.49
9.54,0.3,16.11
9.54,0.3,16.11
9.54,0.3,16.59
9.54,0.3,16.47
9.54,0.3,16.47
9.54,0.3,16.71
9.88,0.0,9.88
9.88,0.0,10.21
9.88,0.0,10.38
9.88,0.01,8.87
9.88,0.01,10.21
9.88,0.01,10.72
9.88,0.01,10.72
9.88,0.01,9.2
9.88,0.01,11.56
9.88,0.01,10.89
9.88,0.01,11.56
9.88,0.02,12.86
9.88,0.02,11.73
9.88,0.02,12.06
9.88,0.02,11.73
9.88,0.02,11.06
9.88,0.02,11.23
9.88,0.02,11.89
9.88,0.02,11.06
9.88,0.03,12.54
9.88,0.03,13.32
9.88,0.03,11.56
9.88,0.03,11.89
9.88,0.04,11.73
9.88,0.04,12.7
9.88,0.04,12.7
9.88,0.04,13.62
9.88,0.04,10.72
9.88,0.04,13.01
9.88,0.04,12.22
9.88,0.04,12.54
9.88,0.04,13.01
9.88,0.05,14.19
9.88,0.05,12.86
9.88,0.05,12.86
9.88,0.05,13.47
9.88,0.06,13.17
9.88,0.06,13.32
9.88,0.06,15.12
9.88,0.06,14.47
9.88,0.06,13.76
9.88,0.06,14.33
9.88,0.06,15.0
9.88,0.06,15.74
9.88,0.07,14.6
9.88,0.07,15.12
9.88,0.07,16.11
9.88,0.07,15.5
9.88,0.07,15.74
9.88,0.07,15.25
9.88,0.07,15.87
9.88,0.07,16.35
9.88,0.07,16.83
9.88,0.08,16.83
9.88,0.08,16.96
9.88,0.08,17.09
9.88,0.08,16.83
9.88,0.08,18.09
9.88,0.08,15.99
9.88,0.08,16.11
9.88,0.09,20.76
9.88,0.09,16.83
9.88,0.09,16.83
9.88,0.09,17.35
9.88,0.09,17.49
9.88,0.09,18.26
9.88,0.09,19.44
9.88,0.09,19.0
9.88,0.09,19.92
9.88,0.1,20.46
9.88,0.1,21.07
9.88,0.1,24.91
9.88,0.1,24.91
9.88,0.1,24.38
9.88,0.1,24.38
9.88,0.1,26.08
9.88,0.11,24.38
9.88,0.11,26.08
9.88,0.11,24.91
9.88,0.11,40.53
9.88,0.12,23.87
9.88,0.12,23.4
9.88,0.12,27.39
9.88,0.12,32.33
9.88,0.12,27.39
9.88,0.12,26.08
9.88,0.13,26.72
9.88,0.13,27.39
9.88,0.13,27.39
9.88,0.13,29.66
9.88,0.14,26.72
9.88,0.14,29.66
9.88,0.14,28.1
9.88,0.14,28.1
9.88,0.14,37.88
9.88,0.14,31.39
9.88,0.14,29.66
9.88,0.14,29.66
9.88,0.15,30.5
9.88,0.15,32.33
9.88,0.15,31.39
9.88,0.15,30.5
9.88,0.16,27.39
9.88,0.16,28.86
9.88,0.16,32.33
9.88,0.16,28.86
9.88,0.16,36.65
9.88,0.16,34.38
9.88,0.16,33.33
9.88,0.16,35.48
9.88,0.16,29.66
9.88,0.17,32.33
9.88,0.17,34.38
9.88,0.17,31.39
9.88,0.17,33.33
9.88,0.17,39.17
9.88,0.17,35.48
9.88,0.17,32.33
9.88,0.18,33.33
9.88,0.18,31.39
9.88,0.18,28.1
9.88,0.18,30.5
9.88,0.18,28.86
9.88,0.18,29.66
9.88,0.18,34.38
9.88,0.18,34.38
9.88,0.18,31.39
9.88,0.19,32.33
9.88,0.19,37.88
9.88,0.19,29.66
9.88,0.19,28.1
9.88,0.19,30.5
9.88,0.2,29.66
9.88,0.2,30.5
9.88,0.2,35.48
9.88,0.2,36.65
9.88,0.2,37.88
9.88,0.2,34.38
9.88,0.21,36.65
9.88,0.21,36.65
9.88,0.21,36.65
9.88,0.21,36.65
9.88,0.21,35.48
9.88,0.21,41.96
9.88,0.21,37.88
9.88,0.22,33.33
9.88,0.22,36.65
9.88,0.22,36.65
9.88,0.22,36.65
9.88,0.22,35.48
9.88,0.22,37.88
9.88,0.22,36.65
9.88,0.22,39.17
9.88,0.23,34.38
9.88,0.23,33.33
9.88,0.23,34.38
9.88,0.23,33.33
9.88,0.24,39.17
9.88,0.24,31.39
9.88,0.24,31.39
9.88,0.24,33.33
9.88,0.24,32.33
9.88,0.24,33.33
9.88,0.24,31.39
9.88,0.25,31.39
9.88,0.25,32.33
9.88,0.25,32.33
9.88,0.25,32.33
9.88,0.26,32.33
9.88,0.26,33.33
9.88,0.26,33.33
9.88,0.26,31.39
9.88,0.26,32.33
9.88,0.26,33.33
9.88,0.26,32.33
9.88,0.27,30.5
9.88,0.27,33.33
9.88,0.27,31.39
9.88,0.27,33.33
9.88,0.28,32.33
9.88,0.28,31.39
9.88,0.28,32.33
9.88,0.28,32.33
9.88,0.28,29.66
9.88,0.28,32.33
9.88,0.28,32.33
9.88,0.29,30.5
9.88,0.29,30.5
9.88,0.29,32.33
9.88,0.29,31.39
9.88,0.29,32.33
9.88,0.29,30.5
9.88,0.29,30.5
9.88,0.3,31.39
9.88,0.3,30.5
9.88,0.3,31.39
9.88,0.3,29.66
9.88,0.3,28.1
9.88,0.3,29.66
9.88,0.3,28.86
10.72,0.0,10.72
10.72,0.0,10.05
10.72,0.0,11.06
10.72,0.0,12.54
10.72,0.0,11.56
10.72,0.0,10.72
10.72,0.0,10.89
10.72,0.0,11.06
10.72,0.0,11.56
10.72,0.01,10.21
10.72,0.01,11.56
10.72,0.01,11.73
10.72,0.01,13.17
10.72,0.02,9.88
10.72,0.02,12.54
10.72,0.02,12.38
10.72,0.02,13.17
10.72,0.02,12.22
10.72,0.02,13.62
10.72,0.02,13.91
10.72,0.02,13.47
10.72,0.02,13.76
10.72,0.03,13.91
10.72,0.03,13.91
10.72,0.03,14.6
10.72,0.03,15.0
10.72,0.03,14.47
10.72,0.03,15.5
10.72,0.03,15.12
10.72,0.03,13.62
10.72,0.03,14.33
10.72,0.04,15.0
10.72,0.04,14.74
10.72,0.04,16.23
10.72,0.04,15.62
10.72,0.04,15.38
10.72,0.04,15.62
10.72,0.04,15.87
10.72,0.04,16.35
10.72,0.04,16.11
10.72,0.04,16.96
10.72,0.05,16.11
10.72,0.05,15.62
10.72,0.05,16.23
10.72,0.05,16.11
10.72,0.06,16.96
10.72,0.06,17.78
10.72,0.06,15.74
10.72,0.06,17.09
10.72,0.06,16.71
10.72,0.06,16.59
10.72,0.06,16.83
10.72,0.06,18.8
10.72,0.07,20.19
10.72,0.07,20.46
10.72,0.07,20.76
10.72,0.07,20.46
10.72,0.07,25.48
10.72,0.07,21.41
10.72,0.07,26.72
10.72,0.07,22.53
10.72,0.08,23.4
10.72,0.08,21.41
10.72,0.08,22.95
10.72,0.08,29.66
10.72,0.08,24.91
10.72,0.08,22.13
10.72,0.08,29.66
10.72,0.08,24.38
10.72,0.09,26.08
10.72,0.09,24.91
10.72,0.09,25.48
10.72,0.09,28.86
10.72,0.09,22.53
10.72,0.09,32.33
10.72,0.09,24.38
10.72,0.09,22.53
10.72,0.09,23.87
10.72,0.1,21.76
10.72,0.1,27.39
10.72,0.1,28.86
10.72,0.1,22.95
10.72,0.1,25.48
10.72,0.1,21.76
10.72,0.1,22.53
10.72,0.1,28.86
10.72,0.11,29.66
10.72,0.11,22.95
10.72,0.11,32.33
10.72,0.11,26.72
10.72,0.11,25.48
10.72,0.11,24.38
10.72,0.11,26.72
10.72,0.11,23.87
10.72,0.12,30.5
10.72,0.12,27.39
10.72,0.12,31.39
10.72,0.12,28.1
10.72,0.12,28.1
10.72,0.12,26.72
10.72,0.12,25.48
10.72,0.12,23.87
10.72,0.12,30.5
10.72,0.13,30.5
10.72,0.13,30.5
10.72,0.13,26.72
10.72,0.13,29.66
10.72,0.14,29.66
10.72,0.14,30.5
10.72,0.14,31.39
10.72,0.14,26.72
10.72,0.14,28.1
10.72,0.14,28.86
10.72,0.14,30.5
10.72,0.14,26.08
10.72,0.15,30.5
10.72,0.15,30.5
10.72,0.15,31.39
10.72,0.15,29.66
10.72,0.15,29.66
10.72,0.15,28.86
10.72,0.15,28.1
10.72,0.15,27.39
10.72,0.15,31.39
10.72,0.16,26.08
10.72,0.16,29.66
10.72,0.16,25.48
10.72,0.16,28.1
10.72,0.16,29.66
10.72,0.16,28.1
10.72,0.16,26.08
10.72,0.16,27.39
10.72,0.17,24.38
10.72,0.17,26.72
10.72,0.17,29.66
10.72,0.17,29.66
10.72,0.17,26.08
10.72,0.17,24.91
10.72,0.17,31.39
10.72,0.17,27.39
10.72,0.17,27.39
10.72,0.18,26.72
10.72,0.18,25.48
10.72,0.18,26.08
10.72,0.18,29.66
10.72,0.19,28.86
10.72,0.19,28.1
10.72,0.19,27.39
10.72,0.19,33.33
10.72,0.19,28.86
10.72,0.19,25.48
10.72,0.19,25.48
10.72,0.19,29.66
10.72,0.2,30.5
10.72,0.2,26.72
10.72,0.2,28.86
10.72,0.2,27.39
10.72,0.2,26.72
10.72,0.2,29.66
10.72,0.2,25.48
10.72,0.2,24.38
10.72,0.2,28.1
10.72,0.21,27.39
10.72,0.21,22.95
10.72,0.21,31.39
10.72,0.21,33.33
10.72,0.21,30.5
10.72,0.21,26.08
10.72,0.21,25.48
10.72,0.21,26.72
10.72,0.21,27.39
10.72,0.22,26.72
10.72,0.22,27.39
10.72,0.22,26.08
10.72,0.22,28.1
10.72,0.22,30.5
10.72,0.22,25.48
10.72,0.22,28.1
10.72,0.22,28.86
10.72,0.23,25.48
10.72,0.23,28.86
10.72,0.23,29.66
10.72,0.23,24.38
10.72,0.23,25.48
10.72,0.23,26.08
10.72,0.23,26.72
10.72,0.23,25.48
10.72,0.24,29.66
10.72,0.24,26.72
10.72,0.24,26.72
10.72,0.24,27.39
10.72,0.24,24.91
10.72,0.24,26.72
10.72,0.24,30.5
10.72,0.24,26.08
10.72,0.24,26.72
10.72,0.25,23.87
10.72,0.25,28.86
10.72,0.25,28.86
10.72,0.25,27.39
1.2,0.0,1.2
1.2,0.0,1.0
1.2,0.0,0.8
1.2,0.0,0.8
1.2,0.0,0.7
1.2,0.0,1.3
1.2,0.0,1.1
1.2,0.01,1.3
1.2,0.01,1.7
1.2,0.01,2.0
1.2,0.02,1.3
1.2,0.02,2.2
1.2,0.02,2.5
1.2,0.02,2.5
1.2,0.02,3.2
1.2,0.02,2.8
1.2,0.02,3.7
1.2,0.02,4.2
1.2,0.03,4.0
1.2,0.03,4.4
1.2,0.03,4.4
1.2,0.04,4.4
1.2,0.04,4.4
1.2,0.04,4.4
1.2,0.04,4.6
1.2,0.04,4.8
1.2,0.05,5.1
1.2,0.05,5.2
1.2,0.05,5.3
1.2,0.05,4.6
1.2,0.05,4.8
1.2,0.05,5.3
1.2,0.05,5.9
1.2,0.06,5.7
1.2,0.06,5.8
1.2,0.06,5.7
1.2,0.06,6.3
1.2,0.06,7.1
1.2,0.06,7.0
1.2,0.06,6.6
1.2,0.07,7.6
1.2,0.07,7.3
1.2,0.07,7.8
1.2,0.07,8.0
1.2,0.07,7.8
1.2,0.08,8.0
1.2,0.08,8.0
1.2,0.08,8.1
1.2,0.09,9.4
1.2,0.09,8.9
1.2,0.09,9.4
1.2,0.09,8.8
1.2,0.09,8.9
1.2,0.09,9.1
1.2,0.09,9.6
1.2,0.09,9.9
1.2,0.1,9.6
1.2,0.1,9.8
1.2,0.1,11.1
1.2,0.11,10.3
1.2,0.11,11.8
1.2,0.11,11.6
1.2,0.11,10.4
1.2,0.11,12.4
1.2,0.11,11.4
1.2,0.11,11.4
1.2,0.12,10.9
1.2,0.12,10.8
1.2,0.12,11.8
1.2,0.13,11.7
1.2,0.13,12.2
1.2,0.13,11.8
1.2,0.13,12.3
1.2,0.13,12.4
1.2,0.14,12.3
1.2,0.14,12.4
1.2,0.14,12.0
1.2,0.14,12.1
1.2,0.14,12.0
1.2,0.14,11.9
1.2,0.14,12.0
1.2,0.14,11.8
1.2,0.14,12.5
1.2,0.14,12.7
1.2,0.14,11.4
1.2,0.14,11.5
1.2,0.14,12.6
1.2,0.14,11.6
1.2,0.14,13.2
1.2,0.14,11.7
1.2,0.14,12.6
1.2,0.14,12.6
1.2,0.14,11.9
1.2,0.14,12.6
1.2,0.14,12.5
1.2,0.14,10.9
1.2,0.14,12.3
1.2,0.14,12.2
1.2,0.14,12.8
1.2,0.14,12.6
1.2,0.14,13.2
1.2,0.14,12.6
1.2,0.14,12.8
1.2,0.14,13.0
1.2,0.14,12.3
1.2,0.14,12.4
1.2,0.14,12.7
1.2,0.14,12.7
1.2,0.14,12.5
1.2,0.14,12.9
1.2,0.14,12.9
1.2,0.14,12.5
1.2,0.14,12.8
1.2,0.14,12.2
1.2,0.14,13.0
1.2,0.14,12.9
1.2,0.14,12.0
1.2,0.14,12.9
1.2,0.14,12.1
1.2,0.14,12.2
1.2,0.14,12.1
1.2,0.14,12.8
1.2,0.14,13.3
1.2,0.14,12.5
1.2,0.14,12.3
1.2,0.14,12.8
1.2,0.14,12.3
1.2,0.14,12.6
1.2,0.14,12.8
1.2,0.14,13.0
1.2,0.14,13.2
1.2,0.14,12.4
1.2,0.14,12.6
1.2,0.14,12.9
1.2,0.14,12.4
1.2,0.14,12.6
1.2,0.14,12.2
1.2,0.14,12.4
1.2,0.14,11.8
1.2,0.14,12.3
1.2,0.14,13.0
1.2,0.15,12.6
1.2,0.15,12.0
1.2,0.15,12.9
1.2,0.15,12.7
1.2,0.15,12.6
1.2,0.15,13.2
1.2,0.15,13.3
1.2,0.15,14.6
1.2,0.16,13.9
1.2,0.16,13.6
1.2,0.16,14.2
1.2,0.16,13.8
1.2,0.17,14.1
1.2,0.17,13.7
1.2,0.17,12.7
1.2,0.17,13.4
1.2,0.17,13.3
1.2,0.17,12.5
1.2,0.17,12.8
1.2,0.17,12.6
1.2,0.17,12.8
1.2,0.17,12.7
1.2,0.17,12.5
1.2,0.17,12.9
1.2,0.17,12.9
1.2,0.17,13.1
1.2,0.17,13.0
1.2,0.17,12.6
1.2,0.17,12.8
1.2,0.17,12.6
1.2,0.17,12.7
1.2,0.17,13.0
1.2,0.17,13.1
1.2,0.17,13.1
1.2,0.17,12.8
1.2,0.17,12.9
1.2,0.17,13.0
1.2,0.17,12.8
1.2,0.17,13.0
1.2,0.17,12.8
1.2,0.17,13.0
1.2,0.17,12.8
1.2,0.17,12.8
1.2,0.17,13.1
1.2,0.17,12.8
1.2,0.17,12.9
1.2,0.17,12.9
1.2,0.17,12.9
1.2,0.17,13.0
1.2,0.17,12.9
1.2,0.17,12.8
1.2,0.17,12.9
1.2,0.17,13.1
1.2,0.17,12.9
1.2,0.17,12.8
1.2,0.17,12.8
1.2,0.17,12.8
1.2,0.17,12.8
1.2,0.17,13.1
10.38,0.0,10.38
10.38,0.0,10.05
10.38,0.0,9.71
10.38,0.0,10.38
10.38,0.0,10.21
10.38,0.0,10.72
10.38,0.0,10.38
10.38,0.01,10.05
10.38,0.01,12.06
10.38,0.01,11.56
10.38,0.01,10.72
10.38,0.02,10.55
10.38,0.02,11.73
10.38,0.02,11.39
10.38,0.02,11.73
10.38,0.02,11.73
10.38,0.02,12.54
10.38,0.02,13.17
10.38,0.02,11.89
10.38,0.02,13.47
10.38,0.02,12.38
10.38,0.02,12.54
10.38,0.02,13.76
10.38,0.03,12.38
10.38,0.03,12.06
10.38,0.03,14.05
10.38,0.03,13.32
10.38,0.03,13.76
10.38,0.03,14.19
10.38,0.03,14.87
10.38,0.03,14.19
10.38,0.04,15.5
10.38,0.04,14.87
10.38,0.04,14.47
10.38,0.04,14.6
10.38,0.04,14.33
10.38,0.04,15.12
10.38,0.04,15.5
10.38,0.04,15.0
10.38,0.04,15.5
10.38,0.05,15.5
10.38,0.05,15.62
10.38,0.05,15.5
10.38,0.05,16.47
10.38,0.06,17.09
10.38,0.06,17.09
10.38,0.06,16.11
10.38,0.06,16.47
10.38,0.06,16.11
10.38,0.06,16.23
10.38,0.06,16.71
10.38,0.06,16.47
10.38,0.06,16.23
10.38,0.06,16.96
10.38,0.07,16.71
10.38,0.07,17.49
10.38,0.07,18.26
10.38,0.07,19.92
10.38,0.07,18.8
10.38,0.07,19.22
10.38,0.07,20.46
10.38,0.07,21.07
10.38,0.07,24.91
10.38,0.07,26.72
10.38,0.08,21.41
10.38,0.08,22.53
10.38,0.08,23.4
10.38,0.08,23.4
10.38,0.08,24.91
10.38,0.08,24.38
10.38,0.08,29.66
10.38,0.09,25.48
10.38,0.09,24.38
10.38,0.09,22.13
10.38,0.1,24.91
10.38,0.1,20.76
10.38,0.1,21.76
10.38,0.1,21.76
10.38,0.1,26.72
10.38,0.1,22.95
10.38,0.1,26.72
10.38,0.11,26.72
10.38,0.11,31.39
10.38,0.11,22.53
10.38,0.11,31.39
10.38,0.11,26.08
10.38,0.11,22.95
10.38,0.11,34.38
10.38,0.11,23.87
10.38,0.12,24.91
10.38,0.12,28.86
10.38,0.12,24.91
10.38,0.12,32.33
10.38,0.12,28.1
10.38,0.12,29.66
10.38,0.12,26.08
10.38,0.12,26.08
10.38,0.12,23.87
10.38,0.13,26.08
10.38,0.13,26.72
10.38,0.13,28.86
10.38,0.13,26.08
10.38,0.14,24.38
10.38,0.14,28.1
10.38,0.14,28.86
10.38,0.14,28.1
10.38,0.14,28.86
10.38,0.14,24.91
10.38,0.14,28.1
10.38,0.14,33.33
10.38,0.14,31.39
10.38,0.15,28.1
10.38,0.15,29.66
10.38,0.15,28.1
10.38,0.15,28.1
10.38,0.15,27.39
10.38,0.16,26.08
10.38,0.16,25.48
10.38,0.16,23.87
10.38,0.16,30.5
10.38,0.16,37.88
10.38,0.16,28.86
10.38,0.16,28.1
10.38,0.16,25.48
10.38,0.16,26.72
10.38,0.17,26.72
10.38,0.17,30.5
10.38,0.17,26.08
10.38,0.17,30.5
10.38,0.17,26.72
10.38,0.17,33.33
10.38,0.17,30.5
10.38,0.17,33.33
10.38,0.17,30.5
10.38,0.18,36.65
10.38,0.18,28.1
10.38,0.18,27.39
10.38,0.18,26.72
10.38,0.18,28.86
10.38,0.18,26.72
10.38,0.18,28.86
10.38,0.18,26.72
10.38,0.18,27.39
10.38,0.18,26.72
10.38,0.19,29.66
10.38,0.19,30.5
10.38,0.19,28.1
10.38,0.19,30.5
10.38,0.19,28.86
10.38,0.19,28.86
10.38,0.19,24.91
10.38,0.19,30.5
10.38,0.19,31.39
10.38,0.2,39.17
10.38,0.2,27.39
10.38,0.2,33.33
10.38,0.2,25.48
10.38,0.2,28.86
10.38,0.2,28.86
10.38,0.2,25.48
10.38,0.2,28.86
10.38,0.2,26.72
10.38,0.2,31.39
10.38,0.21,30.5
10.38,0.21,28.1
10.38,0.21,26.72
10.38,0.21,29.66
10.38,0.22,27.39
10.38,0.22,26.08
10.38,0.22,29.66
10.38,0.22,30.5
10.38,0.22,27.39
10.38,0.22,30.5
10.38,0.22,28.1
10.38,0.22,30.5
10.38,0.22,28.86
10.38,0.22,28.1
10.38,0.23,25.48
10.38,0.23,31.39
10.38,0.23,28.1
10.38,0.23,26.72
10.38,0.24,30.5
10.38,0.24,30.5
10.38,0.24,31.39
10.38,0.24,24.38
10.38,0.24,24.91
10.38,0.24,21.76
10.38,0.24,28.86
10.38,0.24,24.38
10.38,0.24,24.38
10.38,0.25,28.86
10.38,0.25,29.66
10.38,0.25,28.1
10.38,0.25,29.66
10.38,0.26,27.39
10.38,0.26,28.86
10.38,0.26,27.39
10.38,0.26,30.5
10.38,0.26,32.33
10.38,0.26,27.39
10.38,0.0,10.38
10.38,0.0,9.37
10.38,0.0,11.06
10.38,0.01,11.06
10.38,0.01,10.89
10.38,0.01,10.72
10.38,0.01,10.38
10.38,0.01,10.72
10.38,0.01,10.89
10.38,0.01,11.56
10.38,0.02,10.55
10.38,0.02,11.56
10.38,0.02,13.32
10.38,0.02,12.06
10.38,0.03,10.89
10.38,0.03,11.23
10.38,0.03,12.22
10.38,0.03,11.89
10.38,0.03,12.38
10.38,0.03,11.56
10.38,0.03,13.32
10.38,0.03,13.47
10.38,0.03,13.62
10.38,0.04,12.22
10.38,0.04,13.62
10.38,0.04,13.91
10.38,0.04,13.32
10.38,0.04,13.62
10.38,0.04,14.05
10.38,0.04,13.62
10.38,0.04,14.05
10.38,0.04,14.6
10.38,0.04,13.47
10.38,0.04,14.6
10.38,0.04,14.6
10.38,0.05,14.87
10.38,0.05,15.25
10.38,0.05,14.6
10.38,0.05,15.38
10.38,0.06,15.62
10.38,0.06,15.38
10.38,0.06,15.99
10.38,0.06,15.25
10.38,0.06,15.38
10.38,0.06,15.74
10.38,0.06,16.96
10.38,0.06,16.23
10.38,0.06,15.74
10.38,0.06,15.74
10.38,0.06,16.83
10.38,0.06,16.59
10.38,0.06,17.49
10.38,0.07,16.71
10.38,0.07,17.09
10.38,0.07,16.23
10.38,0.07,17.63
10.38,0.07,17.63
10.38,0.08,17.35
10.38,0.08,17.93
10.38,0.08,19.44
10.38,0.08,19.92
10.38,0.08,22.13
10.38,0.08,22.13
10.38,0.08,26.72
10.38,0.08,27.39
10.38,0.09,25.48
10.38,0.09,25.48
10.38,0.09,27.39
10.38,0.09,26.72
10.38,0.1,24.91
10.38,0.1,25.48
10.38,0.1,23.4
10.38,0.1,25.48
10.38,0.1,29.66
10.38,0.1,30.5
10.38,0.1,26.08
10.38,0.1,26.08
10.38,0.1,27.39
10.38,0.1,32.33
10.38,0.11,29.66
10.38,0.11,32.33
10.38,0.11,32.33
10.38,0.11,28.1
10.38,0.11,26.72
10.38,0.11,28.1
10.38,0.11,27.39
10.38,0.11,26.72
10.38,0.12,26.72
10.38,0.12,28.86
10.38,0.12,26.08
10.38,0.12,26.72
10.38,0.12,26.72
10.38,0.12,31.39
10.38,0.12,31.39
10.38,0.12,27.39
10.38,0.12,27.39
10.38,0.13,26.08
10.38,0.13,23.87
10.38,0.13,28.86
10.38,0.13,27.39
10.38,0.13,26.72
10.38,0.13,22.53
10.38,0.13,27.39
10.38,0.13,29.66
10.38,0.14,28.86
10.38,0.14,29.66
10.38,0.14,30.5
10.38,0.14,28.1
10.38,0.15,28.1
10.38,0.15,26.08
10.38,0.15,25.48
10.38,0.15,26.72
10.38,0.15,28.86
10.38,0.15,27.39
10.38,0.15,28.1
10.38,0.15,27.39
10.38,0.15,28.86
10.38,0.16,23.4
10.38,0.16,26.72
10.38,0.16,28.1
10.38,0.16,23.87
10.38,0.16,28.1
10.38,0.16,32.33
10.38,0.16,29.66
10.38,0.16,25.48
10.38,0.17,28.1
10.38,0.17,25.48
10.38,0.17,27.39
10.38,0.17,24.38
10.38,0.18,24.38
10.38,0.18,28.1
10.38,0.18,27.39
10.38,0.18,25.48
10.38,0.18,31.39
10.38,0.18,27.39
10.38,0.18,25.48
10.38,0.18,26.08
10.38,0.19,28.1
10.38,0.19,28.1
10.38,0.19,26.08
10.38,0.19,30.5
10.38,0.19,28.86
10.38,0.19,26.72
10.38,0.19,27.39
10.38,0.19,28.1
10.38,0.19,27.39
10.38,0.2,27.39
10.38,0.2,31.39
10.38,0.2,27.39
10.38,0.2,29.66
10.38,0.2,26.72
10.38,0.2,27.39
10.38,0.2,29.66
10.38,0.2,27.39
10.38,0.2,28.1
10.38,0.2,27.39
10.38,0.2,28.86
10.38,0.2,28.1
10.38,0.2,30.5
10.38,0.21,31.39
10.38,0.21,28.86
10.38,0.21,30.5
10.38,0.21,30.5
10.38,0.21,29.66
10.38,0.22,32.33
10.38,0.22,30.5
10.38,0.22,30.5
10.38,0.22,29.66
10.38,0.22,28.86
10.38,0.22,30.5
10.38,0.22,27.39
10.38,0.22,30.5
10.38,0.23,26.72
10.38,0.23,30.5
10.38,0.23,26.72
10.38,0.23,28.86
10.38,0.23,28.1
10.38,0.23,31.39
10.38,0.23,31.39
10.38,0.23,29.66
10.38,0.23,29.66
10.38,0.24,26.08
10.38,0.24,27.39
10.38,0.24,30.5
10.38,0.24,28.86
10.38,0.24,26.08
10.38,0.25,28.86
10.38,0.25,28.1
10.38,0.25,29.66
10.38,0.25,25.48
10.38,0.25,26.08
10.38,0.25,27.39
10.38,0.25,28.1
10.38,0.25,26.08
10.38,0.26,25.48
10.38,0.26,24.91
10.38,0.26,26.72
10.38,0.26,25.48
10.38,0.26,26.72
10.38,0.26,26.08
3.0,0.0,3.0
3.0,0.0,2.7
3.0,0.0,2.9
3.0,0.0,3.2
3.0,0.0,3.5
3.0,0.0,2.8
3.0,0.0,2.5
3.0,0.01,2.9
3.0,0.01,3.7
3.0,0.01,2.9
3.0,0.01,2.7
3.0,0.01,2.9
3.0,0.01,2.9
3.0,0.01,3.1
3.0,0.01,3.3
3.0,0.01,3.3
3.0,0.01,4.2
3.0,0.01,4.2
3.0,0.01,3.7
3.0,0.02,4.5
3.0,0.02,4.4
3.0,0.02,4.6
3.0,0.02,5.0
3.0,0.02,5.4
3.0,0.02,5.2
3.0,0.02,6.2
3.0,0.02,6.2
3.0,0.03,6.3
3.0,0.03,6.6
3.0,0.03,6.6
3.0,0.03,6.9
3.0,0.03,7.4
3.0,0.03,6.6
3.0,0.03,7.2
3.0,0.04,7.9
3.0,0.04,7.3
3.0,0.04,8.0
3.0,0.04,7.8
3.0,0.04,9.0
3.0,0.04,8.3
3.0,0.04,9.1
3.0,0.04,8.5
3.0,0.04,9.5
3.0,0.04,9.5
3.0,0.05,9.9
3.0,0.05,9.9
3.0,0.05,10.2
3.0,0.05,10.1
3.0,0.05,10.7
3.0,0.05,11.2
3.0,0.05,11.2
3.0,0.06,12.3
3.0,0.06,11.7
3.0,0.06,11.8
3.0,0.06,12.2
3.0,0.06,12.8
3.0,0.06,12.2
3.0,0.06,12.9
3.0,0.07,11.8
3.0,0.07,13.1
3.0,0.07,11.9
3.0,0.07,13.3
3.0,0.07,13.3
3.0,0.07,13.6
3.0,0.07,14.4
3.0,0.08,13.3
3.0,0.08,12.0
3.0,0.08,12.4
3.0,0.08,12.8
3.0,0.08,11.8
3.0,0.08,11.8
3.0,0.08,11.9
3.0,0.08,12.0
3.0,0.08,12.7
3.0,0.08,12.2
3.0,0.08,12.6
3.0,0.08,12.4
3.0,0.08,12.5
3.0,0.08,12.2
3.0,0.08,12.9
3.0,0.08,12.7
3.0,0.08,12.7
3.0,0.08,12.3
3.0,0.08,12.2
3.0,0.08,12.6
3.0,0.08,12.6
3.0,0.08,12.3
3.0,0.08,11.9
3.0,0.08,12.0
3.0,0.08,12.2
3.0,0.08,11.9
3.0,0.08,11.7
3.0,0.08,12.0
3.0,0.08,11.8
3.0,0.08,11.9
3.0,0.08,11.9
3.0,0.08,12.5
3.0,0.08,11.9
3.0,0.08,11.7
3.0,0.08,11.5
3.0,0.08,11.6
3.0,0.08,12.1
3.0,0.08,11.9
3.0,0.08,11.8
3.0,0.08,11.6
3.0,0.08,11.7
3.0,0.08,11.8
3.0,0.08,11.8
3.0,0.08,12.2
3.0,0.08,12.0
3.0,0.08,12.0
3.0,0.08,12.0
3.0,0.08,11.8
3.0,0.08,11.7
3.0,0.08,11.9
3.0,0.08,13.0
3.0,0.08,12.5
3.0,0.08,14.7
3.0,0.08,12.6
3.0,0.08,13.6
3.0,0.08,12.4
3.0,0.08,12.6
3.0,0.08,12.6
3.0,0.08,12.9
3.0,0.09,12.5
3.0,0.09,12.4
3.0,0.09,12.9
3.0,0.09,12.7
3.0,0.09,14.4
3.0,0.09,13.2
3.0,0.09,13.9
3.0,0.1,13.4
3.0,0.1,12.9
3.0,0.1,13.4
3.0,0.1,13.6
3.0,0.1,13.7
3.0,0.1,13.7
3.0,0.1,13.0
3.0,0.11,14.2
3.0,0.11,14.3
3.0,0.11,13.1
3.0,0.11,13.4
3.0,0.11,13.8
3.0,0.11,13.4
3.0,0.11,14.2
3.0,0.11,15.5
3.0,0.12,13.9
3.0,0.12,14.5
3.0,0.12,13.5
3.0,0.12,14.9
3.0,0.12,14.5
3.0,0.12,13.2
3.0,0.12,13.3
3.0,0.12,14.7
3.0,0.12,14.4
3.0,0.12,14.3
3.0,0.13,13.9
3.0,0.13,14.0
3.0,0.13,13.8
3.0,0.13,15.4
3.0,0.13,14.1
3.0,0.13,14.1
3.0,0.14,13.5
3.0,0.14,14.9
3.0,0.14,13.1
3.0,0.14,13.5
3.0,0.14,13.9
3.0,0.14,13.5
3.0,0.14,13.6
3.0,0.15,13.9
3.0,0.15,13.8
3.0,0.15,13.9
3.0,0.15,13.8
3.0,0.15,15.0
3.0,0.15,14.4
3.0,0.15,15.1
3.0,0.16,15.1
3.0,0.16,13.9
3.0,0.16,13.7
3.0,0.16,13.7
3.0,0.16,13.7
3.0,0.16,14.8
3.0,0.16,13.9
3.0,0.16,13.5
3.0,0.16,14.1
3.0,0.16,13.9
3.0,0.17,14.4
3.0,0.17,13.5
3.0,0.17,13.6
3.0,0.17,13.8
3.0,0.17,13.8
3.0,0.17,13.8
3.0,0.18,13.1
3.0,0.18,16.0
3.0,0.18,14.0
3.0,0.18,15.1
3.0,0.18,14.1
3.0,0.18,14.2
3.0,0.18,13.6
3.0,0.19,13.1
9.2,0.0,9.2
9.2,0.0,10.72
9.2,0.0,10.21
9.2,0.0,10.89
9.2,0.0,12.38
9.2,0.01,12.06
9.2,0.01,11.73
9.2,0.01,9.37
9.2,0.01,11.73
9.2,0.01,12.38
9.2,0.01,12.54
9.2,0.01,13.32
9.2,0.01,11.39
9.2,0.02,12.22
9.2,0.02,13.32
9.2,0.02,13.32
9.2,0.02,12.38
9.2,0.02,11.89
9.2,0.02,12.7
9.2,0.02,12.22
9.2,0.02,13.62
9.2,0.02,14.19
9.2,0.02,13.76
9.2,0.03,14.47
9.2,0.03,13.47
9.2,0.03,13.91
9.2,0.03,15.12
9.2,0.03,13.91
9.2,0.04,14.05
9.2,0.04,14.33
9.2,0.04,15.38
9.2,0.04,15.5
9.2,0.04,15.62
9.2,0.04,15.0
9.2,0.04,15.87
9.2,0.04,15.62
9.2,0.05,15.5
9.2,0.05,15.5
9.2,0.05,16.59
9.2,0.05,15.87
9.2,0.05,16.11
9.2,0.05,15.99
9.2,0.05,16.96
9.2,0.05,16.47
9.2,0.05,16.47
9.2,0.06,16.23
9.2,0.06,16.35
9.2,0.06,16.96
9.2,0.06,16.71
9.2,0.06,16.59
9.2,0.06,18.8
9.2,0.06,18.26
9.2,0.06,18.8
9.2,0.07,22.53
9.2,0.07,21.76
9.2,0.07,23.4
9.2,0.07,21.76
9.2,0.07,19.0
9.2,0.07,27.39
9.2,0.07,21.41
9.2,0.08,26.72
9.2,0.08,28.1
9.2,0.08,21.76
9.2,0.08,22.13
9.2,0.08,27.39
9.2,0.08,28.86
9.2,0.08,29.66
9.2,0.08,32.33
9.2,0.09,27.39
9.2,0.09,30.5
9.2,0.09,26.08
9.2,0.09,26.08
9.2,0.09,29.66
9.2,0.1,23.87
9.2,0.1,22.95
9.2,0.1,31.39
9.2,0.1,22.95
9.2,0.1,20.19
9.2,0.1,21.76
9.2,0.1,24.38
9.2,0.1,27.39
9.2,0.1,29.66
9.2,0.11,22.95
9.2,0.11,21.07
9.2,0.11,22.53
9.2,0.11,28.86
9.2,0.11,26.72
9.2,0.11,30.5
9.2,0.11,23.4
9.2,0.12,23.4
9.2,0.12,24.91
9.2,0.12,27.39
9.2,0.12,24.91
9.2,0.12,26.72
9.2,0.12,31.39
9.2,0.12,27.39
9.2,0.12,28.86
9.2,0.12,29.66
9.2,0.12,27.39
9.2,0.12,24.91
9.2,0.12,28.86
9.2,0.12,28.86
9.2,0.13,29.66
9.2,0.13,26.08
9.2,0.13,26.72
9.2,0.13,28.1
9.2,0.13,27.39
9.2,0.14,26.72
9.2,0.14,24.38
9.2,0.14,26.08
9.2,0.14,29.66
9.2,0.14,27.39
9.2,0.14,29.66
9.2,0.14,28.86
9.2,0.14,28.86
9.2,0.14,27.39
9.2,0.15,27.39
9.2,0.15,22.95
9.2,0.15,29.66
9.2,0.15,28.1
9.2,0.15,29.66
9.2,0.15,29.66
9.2,0.15,27.39
9.2,0.15,24.38
9.2,0.16,26.72
9.2,0.16,28.86
9.2,0.16,22.95
9.2,0.16,21.41
9.2,0.16,28.1
9.2,0.16,26.72
9.2,0.16,30.5
9.2,0.16,33.33
9.2,0.16,28.1
9.2,0.17,29.66
9.2,0.17,28.1
9.2,0.17,21.76
9.2,0.17,25.48
9.2,0.17,22.95
9.2,0.17,31.39
9.2,0.17,21.41
9.2,0.17,24.91
9.2,0.17,29.66
9.2,0.18,31.39
9.2,0.18,21.76
9.2,0.18,28.86
9.2,0.18,28.86
9.2,0.18,29.66
9.2,0.18,27.39
9.2,0.18,27.39
9.2,0.18,28.1
9.2,0.18,26.72
9.2,0.18,28.1
9.2,0.18,31.39
9.2,0.18,27.39
9.2,0.18,26.08
9.2,0.19,26.08
9.2,0.19,28.86
9.2,0.19,25.48
9.2,0.19,28.86
9.2,0.2,30.5
9.2,0.2,26.72
9.2,0.2,30.5
9.2,0.2,26.72
9.2,0.2,26.08
9.2,0.2,32.33
9.2,0.2,27.39
9.2,0.2,30.5
9.2,0.2,27.39
9.2,0.21,26.72
9.2,0.21,27.39
9.2,0.21,30.5
9.2,0.21,21.76
9.2,0.21,28.1
9.2,0.21,28.86
9.2,0.21,26.72
9.2,0.21,26.72
9.2,0.22,28.1
9.2,0.22,31.39
9.2,0.22,27.39
9.2,0.22,22.53
9.2,0.22,28.86
9.2,0.22,26.72
9.2,0.22,25.48
9.2,0.22,26.08
9.2,0.22,26.08
9.2,0.23,26.08
9.2,0.23,30.5
9.2,0.23,32.33
9.2,0.23,31.39
9.2,0.23,28.86
9.2,0.23,35.48
9.2,0.23,28.86
9.2,0.23,30.5
9.2,0.24,27.39
9.2,0.24,28.86
9.2,0.24,29.66
9.2,0.24,28.86
9.2,0.25,26.72
9.2,0.25,26.72
9.2,0.25,28.86
10.72,0.0,10.72
10.72,0.0,12.22
10.72,0.0,13.32
10.72,0.0,13.76
10.72,0.0,11.73
10.72,0.0,13.76
10.72,0.0,13.32
10.72,0.0,13.76
10.72,0.01,14.19
10.72,0.01,14.05
10.72,0.01,13.47
10.72,0.01,15.25
10.72,0.01,13.76
10.72,0.02,14.05
10.72,0.02,14.87
10.72,0.02,14.74
10.72,0.02,15.12
10.72,0.02,14.33
10.72,0.02,15.38
10.72,0.02,15.0
10.72,0.02,16.35
10.72,0.02,15.62
10.72,0.03,15.99
10.72,0.03,15.87
10.72,0.03,15.99
10.72,0.03,16.23
10.72,0.03,16.11
10.72,0.03,16.23
10.72,0.03,16.23
10.72,0.03,16.47
10.72,0.04,15.87
10.72,0.04,16.59
10.72,0.04,17.22
10.72,0.04,16.71
10.72,0.04,16.23
10.72,0.04,16.71
10.72,0.04,16.71
10.72,0.04,16.96
10.72,0.05,17.93
10.72,0.05,17.09
10.72,0.05,17.93
10.72,0.05,18.26
10.72,0.05,18.43
10.72,0.05,19.67
10.72,0.05,18.61
10.72,0.06,18.43
10.72,0.06,22.95
10.72,0.06,26.72
10.72,0.06,27.39
10.72,0.06,24.38
10.72,0.06,22.53
10.72,0.06,26.72
10.72,0.06,26.72
10.72,0.06,19.92
10.72,0.07,28.86
10.72,0.07,26.08
10.72,0.07,24.91
10.72,0.07,21.76
10.72,0.07,22.13
10.72,0.08,25.48
10.72,0.08,31.39
10.72,0.08,27.39
10.72,0.08,26.08
10.72,0.08,25.48
10.72,0.08,27.39
10.72,0.08,23.87
10.72,0.08,21.41
10.72,0.09,28.86
10.72,0.09,33.33
10.72,0.09,28.86
10.72,0.09,22.53
10.72,0.09,27.39
10.72,0.09,23.87
10.72,0.09,22.13
10.72,0.09,21.07
10.72,0.09,28.86
10.72,0.1,31.39
10.72,0.1,27.39
10.72,0.1,30.5
10.72,0.1,29.66
10.72,0.1,26.08
10.72,0.1,26.08
10.72,0.1,22.53
10.72,0.1,36.65
10.72,0.1,33.33
10.72,0.1,28.86
10.72,0.11,32.33
10.72,0.11,23.4
10.72,0.11,33.33
10.72,0.11,23.87
10.72,0.11,21.41
10.72,0.11,29.66
10.72,0.11,22.53
10.72,0.11,21.07
10.72,0.11,28.86
10.72,0.12,25.48
10.72,0.12,29.66
10.72,0.12,22.95
10.72,0.12,20.76
10.72,0.12,22.95
10.72,0.12,27.39
10.72,0.12,21.41
10.72,0.12,30.5
10.72,0.13,24.38
10.72,0.13,23.87
10.72,0.13,28.86
10.72,0.13,26.08
10.72,0.13,22.13
10.72,0.13,24.38
10.72,0.13,32.33
10.72,0.13,23.4
10.72,0.13,21.76
10.72,0.13,20.46
10.72,0.13,23.4
10.72,0.14,26.72
10.72,0.14,32.33
10.72,0.14,26.08
10.72,0.14,24.38
10.72,0.14,26.08
10.72,0.14,34.38
10.72,0.14,26.72
10.72,0.14,28.1
10.72,0.14,30.5
10.72,0.14,30.5
10.72,0.15,30.5
10.72,0.15,21.76
10.72,0.15,23.87
10.72,0.15,22.53
10.72,0.16,32.33
10.72,0.16,23.87
10.72,0.16,33.33
10.72,0.16,29.66
10.72,0.16,28.86
10.72,0.16,35.48
10.72,0.16,28.1
10.72,0.16,22.13
10.72,0.16,21.07
10.72,0.17,27.39
10.72,0.17,32.33
10.72,0.17,30.5
10.72,0.17,21.41
10.72,0.17,21.76
10.72,0.17,28.1
10.72,0.17,26.08
10.72,0.17,22.53
10.72,0.18,23.4
10.72,0.18,30.5
10.72,0.18,30.5
10.72,0.18,30.5
10.72,0.18,33.33
10.72,0.18,30.5
10.72,0.18,21.41
10.72,0.18,26.08
10.72,0.18,28.1
10.72,0.19,36.65
10.72,0.19,28.86
10.72,0.19,27.39
10.72,0.19,28.86
10.72,0.19,33.33
10.72,0.19,40.53
10.72,0.19,28.1
10.72,0.19,27.39
10.72,0.19,29.66
10.72,0.2,26.08
10.72,0.2,33.33
10.72,0.2,29.66
10.72,0.2,33.33
10.72,0.2,21.07
10.72,0.2,26.72
10.72,0.2,29.66
10.72,0.2,27.39
10.72,0.2,24.38
10.72,0.2,29.66
10.72,0.21,30.5
10.72,0.21,24.38
10.72,0.21,31.39
10.72,0.21,32.33
10.72,0.22,22.95
10.72,0.22,22.95
10.72,0.22,28.1
10.72,0.22,29.66
10.72,0.22,32.33
10.72,0.22,31.39
10.72,0.22,21.07
10.72,0.22,27.39
10.72,0.23,26.08
10.72,0.23,28.1
10.72,0.23,36.65
10.72,0.23,21.41
10.72,0.24,30.5
10.72,0.24,28.1
10.72,0.24,30.5
10.72,0.24,26.72
10.72,0.24,33.33
10.72,0.24,22.53
10.72,0.24,26.08
10.72,0.24,24.91
10.72,0.24,24.91
10.72,0.25,25.48
10.72,0.25,26.08
10.72,0.0,10.72
10.72,0.0,12.06
10.72,0.0,10.72
10.72,0.0,9.88
10.72,0.0,11.39
10.72,0.0,11.39
10.72,0.01,11.39
10.72,0.01,11.06
10.72,0.01,11.06
10.72,0.01,12.54
10.72,0.02,12.54
10.72,0.02,13.47
10.72,0.02,11.56
10.72,0.02,11.06
10.72,0.02,14.33
10.72,0.02,13.62
10.72,0.02,13.47
10.72,0.02,13.91
10.72,0.03,13.01
10.72,0.03,14.6
10.72,0.03,14.6
10.72,0.03,14.33
10.72,0.04,15.0
10.72,0.04,15.25
10.72,0.04,14.6
10.72,0.04,15.5
10.72,0.04,15.87
10.72,0.04,14.87
10.72,0.04,16.47
10.72,0.04,14.87
10.72,0.04,15.25
10.72,0.05,15.87
10.72,0.05,16.11
10.72,0.05,18.26
10.72,0.05,17.35
10.72,0.05,16.35
10.72,0.05,15.74
10.72,0.05,16.11
10.72,0.05,16.35
10.72,0.06,16.83
10.72,0.06,16.96
10.72,0.06,16.59
10.72,0.06,16.71
10.72,0.06,16.47
10.72,0.06,16.83
10.72,0.06,18.09
10.72,0.06,17.78
10.72,0.07,17.63
10.72,0.07,17.93
10.72,0.07,20.19
10.72,0.07,19.67
10.72,0.08,20.46
10.72,0.08,21.41
10.72,0.08,30.5
10.72,0.08,20.19
10.72,0.08,21.07
10.72,0.08,22.13
10.72,0.08,25.48
10.72,0.08,23.87
10.72,0.09,26.08
10.72,0.09,20.46
10.72,0.09,30.5
10.72,0.09,29.66
10.72,0.09,29.66
10.72,0.1,29.66
10.72,0.1,32.33
10.72,0.1,31.39
10.72,0.1,22.53
10.72,0.1,24.38
10.72,0.1,24.91
10.72,0.1,30.5
10.72,0.1,28.1
10.72,0.1,21.41
10.72,0.1,29.66
10.72,0.1,22.95
10.72,0.1,26.08
10.72,0.1,20.19
10.72,0.11,20.46
10.72,0.11,22.13
10.72,0.11,23.87
10.72,0.11,21.07
10.72,0.11,21.41
10.72,0.11,21.07
10.72,0.11,19.67
10.72,0.11,22.13
10.72,0.11,21.76
10.72,0.12,28.1
10.72,0.12,34.38
10.72,0.12,28.1
10.72,0.12,30.5
10.72,0.12,30.5
10.72,0.12,30.5
10.72,0.12,24.38
10.72,0.12,24.91
10.72,0.13,22.13
10.72,0.13,31.39
10.72,0.13,34.38
10.72,0.13,29.66
10.72,0.14,28.86
10.72,0.14,30.5
10.72,0.14,28.1
10.72,0.14,31.39
10.72,0.14,30.5
10.72,0.14,26.72
10.72,0.14,27.39
10.72,0.14,26.08
10.72,0.14,28.86
10.72,0.15,34.38
10.72,0.15,21.41
10.72,0.15,30.5
10.72,0.15,26.72
10.72,0.15,31.39
10.72,0.15,23.87
10.72,0.15,27.39
10.72,0.15,24.91
10.72,0.15,28.1
10.72,0.16,25.48
10.72,0.16,24.38
10.72,0.16,27.39
10.72,0.16,28.86
10.72,0.17,26.08
10.72,0.17,23.4
10.72,0.17,28.86
10.72,0.17,28.86
10.72,0.17,30.5
10.72,0.17,30.5
10.72,0.17,23.87
10.72,0.17,21.76
10.72,0.18,32.33
10.72,0.18,29.66
10.72,0.18,25.48
10.72,0.18,29.66
10.72,0.18,28.1
10.72,0.18,36.65
10.72,0.18,22.53
10.72,0.18,28.1
10.72,0.18,30.5
10.72,0.19,22.13
10.72,0.19,30.5
10.72,0.19,36.65
10.72,0.19,27.39
10.72,0.19,26.08
10.72,0.19,30.5
10.72,0.19,30.5
10.72,0.19,28.1
10.72,0.19,22.53
10.72,0.19,28.86
10.72,0.2,32.33
10.72,0.2,23.87
10.72,0.2,28.86
10.72,0.2,31.39
10.72,0.2,30.5
10.72,0.2,27.39
10.72,0.2,32.33
10.72,0.2,27.39
10.72,0.2,31.39
10.72,0.2,29.66
10.72,0.2,28.86
10.72,0.2,33.33
10.72,0.2,30.5
10.72,0.2,33.33
10.72,0.21,31.39
10.72,0.21,26.72
10.72,0.21,28.86
10.72,0.21,26.72
10.72,0.22,23.4
10.72,0.22,22.95
10.72,0.22,30.5
10.72,0.22,28.86
10.72,0.22,24.38
10.72,0.22,27.39
10.72,0.22,32.33
10.72,0.22,28.86
10.72,0.23,32.33
10.72,0.23,28.1
10.72,0.23,28.1
10.72,0.23,31.39
10.72,0.23,28.1
10.72,0.24,28.1
10.72,0.24,26.72
10.72,0.24,30.5
10.72,0.24,32.33
10.72,0.24,30.5
10.72,0.24,33.33
10.72,0.24,26.72
10.72,0.24,27.39
10.72,0.24,23.87
10.72,0.24,24.38
10.72,0.24,31.39
10.72,0.24,28.86
10.72,0.25,30.5
10.72,0.25,24.91
10.72,0.25,28.86
10.72,0.25,32.33
10.72,0.25,27.39
10.72,0.26,27.39
10.72,0.26,28.86
10.72,0.26,32.33
10.72,0.26,31.39
10.72,0.26,28.1
13.6,0.0,13.6
13.6,0.0,14.7
13.6,0.01,13.8
13.6,0.01,14.3
13.6,0.01,15.2
13.6,0.01,15.4
13.6,0.01,16.0
13.6,0.01,14.5
13.6,0.01,14.5
13.6,0.02,14.1
13.6,0.02,14.6
13.6,0.02,16.3
13.6,0.02,13.6
13.6,0.02,14.3
13.6,0.02,14.2
13.6,0.02,15.6
13.6,0.03,15.5
13.6,0.03,15.7
13.6,0.03,14.3
13.6,0.03,14.4
13.6,0.03,14.8
13.6,0.03,15.8
13.6,0.03,16.3
13.6,0.03,15.6
13.6,0.04,16.2
13.6,0.04,16.3
13.6,0.04,16.3
13.6,0.04,18.4
13.6,0.04,16.7
13.6,0.04,15.5
13.6,0.04,17.3
13.6,0.04,15.6
13.6,0.05,16.6
13.6,0.05,16.9
13.6,0.05,15.4
13.6,0.06,15.8
13.6,0.06,15.5
13.6,0.06,15.5
13.6,0.06,15.5
13.6,0.06,15.8
13.6,0.06,17.2
13.6,0.06,16.6
13.6,0.06,15.5
13.6,0.07,16.1
13.6,0.07,16.9
13.6,0.07,15.5
13.6,0.08,15.8
13.6,0.08,16.3
13.6,0.08,15.3
13.6,0.08,15.7
13.6,0.08,16.7
13.6,0.08,16.0
13.6,0.08,17.0
13.6,0.08,16.5
13.6,0.09,15.6
13.6,0.09,16.7
13.6,0.09,15.9
13.6,0.1,16.2
13.6,0.1,15.8
13.6,0.1,16.7
13.6,0.1,15.3
13.6,0.1,15.9
13.6,0.1,16.4
13.6,0.1,16.5
13.6,0.1,15.7
13.6,0.11,16.2
13.6,0.11,16.9
13.6,0.11,15.3
13.6,0.12,15.6
13.6,0.12,15.7
13.6,0.12,15.4
13.6,0.12,15.7
13.6,0.12,16.2
13.6,0.12,15.9
13.6,0.12,15.8
13.6,0.12,15.4
13.6,0.12,15.8
13.6,0.12,15.5
13.6,0.12,15.4
13.6,0.12,15.6
13.6,0.12,15.8
13.6,0.12,15.9
13.6,0.12,15.8
13.6,0.12,15.9
13.6,0.12,15.8
13.6,0.12,16.1
13.6,0.12,16.2
13.6,0.12,15.4
13.6,0.12,16.0
13.6,0.12,15.7
13.6,0.12,15.9
13.6,0.12,15.8
13.6,0.12,16.0
13.6,0.12,15.7
13.6,0.12,15.7
13.6,0.12,15.6
13.6,0.12,15.8
13.6,0.12,15.9
13.6,0.12,15.5
13.6,0.12,15.7
13.6,0.12,16.3
13.6,0.12,15.7
13.6,0.12,15.6
13.6,0.12,15.9
13.6,0.12,15.6
13.6,0.12,16.0
13.6,0.12,15.9
13.6,0.12,15.8
13.6,0.12,15.6
13.6,0.12,15.8
13.6,0.12,15.8
13.6,0.12,15.9
13.6,0.12,15.6
13.6,0.12,15.9
13.6,0.12,16.0
13.6,0.12,15.7
13.6,0.12,16.0
13.6,0.12,15.8
13.6,0.12,15.9
13.6,0.12,16.0
13.6,0.12,15.7
13.6,0.12,15.9
13.6,0.12,15.9
13.6,0.12,15.7
13.6,0.12,15.8
13.6,0.12,15.9
13.6,0.12,15.9
13.6,0.12,16.1
13.6,0.12,15.9
13.6,0.12,15.8
13.6,0.12,15.7
13.6,0.12,15.9
13.6,0.12,15.7
13.6,0.12,16.1
13.6,0.12,15.8
13.6,0.12,15.6
13.6,0.12,15.9
13.6,0.12,15.8
13.6,0.12,15.8
13.6,0.12,15.8
13.6,0.12,16.1
13.6,0.12,15.8
13.6,0.12,16.1
13.6,0.12,15.9
13.6,0.12,15.9
13.6,0.12,15.8
13.6,0.12,16.2
13.6,0.12,15.9
13.6,0.12,15.9
13.6,0.12,15.9
13.6,0.12,16.2
13.6,0.12,16.1
13.6,0.12,15.7
13.6,0.12,16.2
13.6,0.12,15.8
13.6,0.12,16.0
13.6,0.12,16.0
13.6,0.12,16.0
13.6,0.12,15.8
13.6,0.12,15.9
13.6,0.12,15.9
13.6,0.12,16.0
13.6,0.12,15.9
13.6,0.12,16.3
13.6,0.12,16.0
13.6,0.12,16.0
13.6,0.12,15.9
13.6,0.12,15.8
13.6,0.12,16.0
13.6,0.12,16.1
13.6,0.12,15.9
13.6,0.12,15.7
13.6,0.12,15.8
13.6,0.12,16.0
13.6,0.12,15.9
13.6,0.12,15.9
13.6,0.12,16.1
13.6,0.12,15.9
13.6,0.12,15.8
13.6,0.12,16.2
13.6,0.12,16.0
13.6,0.12,16.0
13.6,0.12,15.9
13.6,0.12,15.9
13.6,0.12,16.0
13.6,0.12,16.0
13.6,0.12,15.8
13.6,0.12,16.0
13.6,0.12,16.0
13.6,0.12,16.1
13.6,0.12,16.1
13.6,0.12,15.8
13.6,0.12,16.0
13.6,0.12,15.9
13.6,0.12,16.0
13.6,0.12,15.9
13.6,0.12,16.0
13.6,0.12,15.9
13.6,0.12,15.9
13.6,0.12,15.4
7.91,0.0,7.91
7.91,0.0,11.39
7.91,0.0,10.72
7.91,0.0,9.2
7.91,0.0,11.56
7.91,0.01,9.88
7.91,0.01,11.06
7.91,0.01,11.56
7.91,0.01,11.06
7.91,0.02,10.21
7.91,0.02,9.37
7.91,0.02,11.39
7.91,0.02,11.23
7.91,0.02,10.05
7.91,0.02,11.39
7.91,0.02,11.89
7.91,0.02,11.89
7.91,0.02,12.38
7.91,0.03,11.39
7.91,0.03,12.06
7.91,0.03,11.73
7.91,0.03,12.7
7.91,0.03,13.17
7.91,0.03,12.38
7.91,0.03,11.56
7.91,0.04,13.76
7.91,0.04,12.7
7.91,0.04,12.38
7.91,0.04,13.32
7.91,0.04,14.19
7.91,0.04,13.01
7.91,0.04,13.76
7.91,0.04,14.19
7.91,0.04,14.05
7.91,0.04,14.05
7.91,0.04,14.6
7.91,0.04,13.76
7.91,0.04,13.76
7.91,0.05,14.87
7.91,0.05,14.47
7.91,0.05,15.74
7.91,0.05,15.62
7.91,0.06,14.33
7.91,0.06,15.5
7.91,0.06,16.11
7.91,0.06,15.74
7.91,0.06,15.87
7.91,0.06,15.38
7.91,0.06,15.62
7.91,0.06,16.59
7.91,0.06,16.35
7.91,0.06,16.83
7.91,0.06,16.71
7.91,0.06,16.59
7.91,0.07,17.35
7.91,0.07,17.09
7.91,0.07,17.78
7.91,0.07,16.23
7.91,0.07,17.78
7.91,0.07,18.43
7.91,0.07,17.09
7.91,0.07,17.93
7.91,0.08,18.8
7.91,0.08,20.19
7.91,0.08,22.95
7.91,0.08,22.13
7.91,0.08,20.19
7.91,0.08,21.07
7.91,0.08,36.65
7.91,0.09,39.17
7.91,0.09,31.39
7.91,0.09,37.88
7.91,0.1,29.66
7.91,0.1,25.48
7.91,0.1,31.39
7.91,0.1,30.5
7.91,0.1,27.39
7.91,0.1,29.66
7.91,0.1,26.72
7.91,0.1,27.39
7.91,0.11,26.08
7.91,0.11,28.1
7.91,0.11,22.13
7.91,0.11,22.53
7.91,0.11,27.39
7.91,0.11,23.87
7.91,0.11,23.87
7.91,0.11,26.72
7.91,0.11,28.86
7.91,0.12,27.39
7.91,0.12,25.48
7.91,0.12,29.66
7.91,0.12,27.39
7.91,0.12,23.87
7.91,0.12,26.08
7.91,0.12,22.95
7.91,0.12,28.86
7.91,0.13,24.38
7.91,0.13,25.48
7.91,0.13,25.48
7.91,0.13,26.08
7.91,0.14,27.39
7.91,0.14,28.86
7.91,0.14,28.1
7.91,0.14,28.86
7.91,0.14,27.39
7.91,0.14,29.66
7.91,0.14,27.39
7.91,0.14,24.91
7.91,0.15,28.1
7.91,0.15,24.38
7.91,0.15,21.76
7.91,0.15,26.08
7.91,0.16,28.86
7.91,0.16,25.48
7.91,0.16,24.91
7.91,0.16,28.1
7.91,0.16,26.08
7.91,0.16,26.72
7.91,0.16,26.72
7.91,0.16,28.1
7.91,0.17,23.87
7.91,0.17,26.72
7.91,0.17,27.39
7.91,0.17,26.08
7.91,0.17,26.72
7.91,0.17,23.87
7.91,0.17,30.5
7.91,0.17,28.86
7.91,0.18,26.08
7.91,0.18,26.72
7.91,0.18,27.39
7.91,0.18,29.66
7.91,0.18,25.48
7.91,0.18,26.72
7.91,0.18,22.13
7.91,0.18,26.08
7.91,0.19,24.91
7.91,0.19,28.86
7.91,0.19,26.72
7.91,0.19,30.5
7.91,0.2,22.95
7.91,0.2,26.72
7.91,0.2,22.95
7.91,0.2,24.91
7.91,0.2,25.48
7.91,0.2,24.91
7.91,0.2,24.38
7.91,0.21,25.48
7.91,0.21,26.72
7.91,0.21,26.08
7.91,0.21,25.48
7.91,0.21,26.72
7.91,0.21,24.91
7.91,0.21,26.08
7.91,0.22,27.39
7.91,0.22,26.72
7.91,0.22,25.48
7.91,0.22,25.48
7.91,0.22,27.39
7.91,0.22,24.91
7.91,0.22,24.91
7.91,0.22,26.72
7.91,0.23,25.48
7.91,0.23,25.48
7.91,0.23,26.72
7.91,0.23,27.39
7.91,0.24,28.1
7.91,0.24,25.48
7.91,0.24,25.48
7.91,0.24,26.72
7.91,0.24,23.87
7.91,0.24,27.39
7.91,0.24,27.39
7.91,0.25,28.1
7.91,0.25,26.72
7.91,0.25,28.1
7.91,0.25,27.39
7.91,0.26,27.39
7.91,0.26,27.39
7.91,0.26,28.86
7.91,0.26,29.66
7.91,0.26,28.86
7.91,0.26,28.86
7.91,0.26,28.86
7.91,0.27,28.86
7.91,0.27,26.72
7.91,0.27,28.1
7.91,0.27,28.86
7.91,0.27,30.5
7.91,0.28,30.5
7.91,0.28,28.1
7.91,0.28,28.86
7.91,0.28,29.66
7.91,0.29,24.38
7.91,0.29,29.66
7.91,0.29,30.5
7.91,0.29,30.5
7.91,0.29,25.48
7.91,0.29,30.5
13.32,0.0,13.32
13.32,0.0,13.17
13.32,0.0,13.17
13.32,0.0,12.86
13.32,0.0,12.22
13.32,0.0,11.73
13.32,0.01,13.32
13.32,0.01,13.17
13.32,0.01,14.19
13.32,0.01,13.62
13.32,0.01,14.47
13.32,0.02,14.6
13.32,0.02,15.12
13.32,0.02,13.91
13.32,0.02,15.25
13.32,0.02,15.0
13.32,0.02,14.87
13.32,0.02,15.25
13.32,0.02,15.62
13.32,0.02,15.99
13.32,0.02,14.87
13.32,0.02,15.62
13.32,0.02,15.87
13.32,0.02,15.12
13.32,0.03,17.63
13.32,0.03,16.71
13.32,0.03,16.96
13.32,0.03,16.35
13.32,0.04,16.59
13.32,0.04,16.23
13.32,0.04,16.47
13.32,0.04,16.71
13.32,0.04,16.35
13.32,0.04,16.47
13.32,0.04,17.22
13.32,0.04,16.83
13.32,0.05,17.49
13.32,0.05,18.43
13.32,0.05,17.93
13.32,0.05,19.0
13.32,0.05,20.19
13.32,0.05,19.22
13.32,0.05,22.13
13.32,0.05,18.43
13.32,0.06,25.48
13.32,0.06,21.76
13.32,0.06,21.76
13.32,0.06,24.38
13.32,0.06,21.07
13.32,0.06,24.91
13.32,0.06,22.95
13.32,0.06,22.13
13.32,0.07,26.72
13.32,0.07,20.46
13.32,0.07,26.08
13.32,0.07,26.72
13.32,0.07,20.76
13.32,0.08,19.92
13.32,0.08,23.87
13.32,0.08,26.72
13.32,0.08,31.39
13.32,0.08,22.53
13.32,0.08,21.76
13.32,0.08,22.95
13.32,0.08,25.48
13.32,0.08,31.39
13.32,0.08,23.87
13.32,0.08,21.07
13.32,0.08,25.48
13.32,0.08,26.72
13.32,0.08,30.5
13.32,0.09,25.48
13.32,0.09,25.48
13.32,0.09,21.76
13.32,0.09,29.66
13.32,0.1,31.39
13.32,0.1,26.72
13.32,0.1,21.76
13.32,0.1,21.41
13.32,0.1,21.41
13.32,0.11,22.13
13.32,0.11,21.76
13.32,0.11,24.91
13.32,0.11,23.4
13.32,0.11,22.53
13.32,0.12,28.1
13.32,0.12,22.13
13.32,0.12,27.39
13.32,0.12,21.41
13.32,0.12,31.39
13.32,0.12,21.41
13.32,0.12,22.13
13.32,0.12,21.76
13.32,0.12,22.95
13.32,0.13,28.86
13.32,0.13,25.48
13.32,0.13,32.33
13.32,0.13,21.07
13.32,0.13,20.46
13.32,0.13,28.86
13.32,0.13,24.91
13.32,0.13,23.4
13.32,0.14,20.46
13.32,0.14,21.76
13.32,0.14,23.87
13.32,0.14,41.96
13.32,0.14,28.86
13.32,0.14,21.07
13.32,0.14,21.07
13.32,0.14,22.13
13.32,0.14,28.86
13.32,0.14,29.66
13.32,0.15,22.13
13.32,0.15,26.72
13.32,0.15,25.48
13.32,0.15,21.41
13.32,0.15,26.08
13.32,0.15,26.72
13.32,0.15,24.91
13.32,0.15,21.41
13.32,0.16,22.53
13.32,0.16,21.41
13.32,0.16,30.5
13.32,0.16,30.5
13.32,0.16,22.53
13.32,0.16,20.46
13.32,0.16,21.41
13.32,0.16,37.88
13.32,0.16,31.39
13.32,0.17,25.48
13.32,0.17,28.1
13.32,0.17,32.33
13.32,0.17,28.86
13.32,0.18,28.86
13.32,0.18,23.87
13.32,0.18,29.66
13.32,0.18,27.39
13.32,0.18,25.48
13.32,0.18,22.95
13.32,0.18,24.91
13.32,0.18,33.33
13.32,0.18,31.39
13.32,0.19,27.39
13.32,0.19,28.86
13.32,0.19,27.39
13.32,0.19,24.91
13.32,0.19,25.48
13.32,0.19,31.39
13.32,0.19,24.91
13.32,0.19,26.72
13.32,0.19,30.5
13.32,0.2,34.38
13.32,0.2,30.5
13.32,0.2,22.95
13.32,0.2,23.4
13.32,0.2,37.88
13.32,0.2,30.5
13.32,0.2,22.53
13.32,0.2,22.53
13.32,0.21,26.72
13.32,0.21,21.76
13.32,0.21,28.86
13.32,0.21,30.5
13.32,0.21,27.39
13.32,0.21,21.76
13.32,0.21,28.86
13.32,0.21,32.33
13.32,0.22,23.4
13.32,0.22,30.5
13.32,0.22,32.33
13.32,0.22,32.33
13.32,0.22,27.39
13.32,0.22,28.86
13.32,0.22,25.48
13.32,0.22,32.33
13.32,0.23,32.33
13.32,0.23,31.39
13.32,0.23,24.91
13.32,0.23,28.86
13.32,0.23,35.48
13.32,0.24,30.5
13.32,0.24,28.86
13.32,0.24,29.66
13.32,0.24,33.33
13.32,0.24,25.48
13.32,0.24,27.39
13.32,0.24,32.33
13.32,0.24,29.66
13.32,0.25,32.33
13.32,0.25,29.66
13.32,0.25,32.33
13.32,0.25,31.39
13.32,0.25,30.5
13.32,0.26,28.1
13.32,0.26,33.33
13.32,0.26,31.39
13.32,0.26,33.33
13.32,0.26,35.48
13.32,0.26,28.1
13.32,0.26,30.5
11.89,0.0,11.89
11.89,0.0,11.89
11.89,0.0,13.01
11.89,0.0,11.89
11.89,0.0,11.06
11.89,0.0,12.06
11.89,0.01,11.73
11.89,0.01,12.06
11.89,0.01,11.56
11.89,0.01,13.01
11.89,0.01,13.76
11.89,0.01,12.38
11.89,0.01,11.56
11.89,0.01,14.33
11.89,0.01,12.22
11.89,0.02,12.7
11.89,0.02,14.33
11.89,0.02,13.01
11.89,0.02,12.54
11.89,0.02,14.87
11.89,0.02,14.19
11.89,0.02,13.91
11.89,0.03,13.17
11.89,0.03,14.87
11.89,0.03,14.47
11.89,0.03,14.33
11.89,0.04,15.38
11.89,0.04,15.25
11.89,0.04,15.99
11.89,0.04,14.05
11.89,0.04,15.74
11.89,0.04,15.25
11.89,0.04,15.99
11.89,0.04,17.35
11.89,0.04,16.23
11.89,0.05,15.0
11.89,0.05,15.74
11.89,0.05,16.35
11.89,0.05,15.99
11.89,0.05,16.71
11.89,0.05,16.35
11.89,0.05,16.47
11.89,0.05,16.96
11.89,0.05,16.59
11.89,0.06,16.59
11.89,0.06,16.71
11.89,0.06,17.35
11.89,0.06,17.93
11.89,0.06,19.0
11.89,0.06,21.07
11.89,0.06,25.48
11.89,0.06,26.72
11.89,0.07,28.1
11.89,0.07,35.48
11.89,0.07,32.33
11.89,0.07,31.39
11.89,0.08,28.86
11.89,0.08,31.39
11.89,0.08,21.41
11.89,0.08,21.07
11.89,0.08,27.39
11.89,0.08,24.91
11.89,0.08,30.5
11.89,0.08,23.4
11.89,0.09,27.39
11.89,0.09,27.39
11.89,0.09,28.1
11.89,0.09,30.5
11.89,0.1,29.66
11.89,0.1,21.07
11.89,0.1,27.39
11.89,0.1,29.66
11.89,0.1,26.72
11.89,0.1,27.39
11.89,0.1,27.39
11.89,0.1,21.76
11.89,0.1,29.66
11.89,0.1,34.38
11.89,0.11,28.86
11.89,0.11,27.39
11.89,0.11,33.33
11.89,0.11,26.72
11.89,0.11,31.39
11.89,0.11,33.33
11.89,0.11,29.66
11.89,0.11,28.1
11.89,0.11,24.38
11.89,0.11,29.66
11.89,0.12,24.91
11.89,0.12,30.5
11.89,0.12,28.1
11.89,0.12,27.39
11.89,0.12,35.48
11.89,0.12,27.39
11.89,0.12,25.48
11.89,0.12,23.87
11.89,0.13,25.48
11.89,0.13,24.91
11.89,0.13,27.39
11.89,0.13,30.5
11.89,0.14,31.39
11.89,0.14,32.33
11.89,0.14,34.38
11.89,0.14,34.38
11.89,0.14,32.33
11.89,0.14,32.33
11.89,0.14,29.66
11.89,0.14,34.38
11.89,0.14,24.38
11.89,0.15,26.72
11.89,0.15,28.86
11.89,0.15,30.5
11.89,0.15,33.33
11.89,0.15,29.66
11.89,0.15,26.08
11.89,0.15,29.66
11.89,0.15,23.87
11.89,0.15,29.66
11.89,0.15,29.66
11.89,0.16,27.39
11.89,0.16,31.39
11.89,0.16,30.5
11.89,0.16,30.5
11.89,0.16,23.87
11.89,0.16,28.86
11.89,0.16,31.39
11.89,0.16,34.38
11.89,0.16,40.53
11.89,0.17,30.5
11.89,0.17,31.39
11.89,0.17,36.65
11.89,0.17,26.72
11.89,0.17,30.5
11.89,0.17,31.39
11.89,0.17,26.08
11.89,0.17,30.5
11.89,0.17,32.33
11.89,0.18,30.5
11.89,0.18,30.5
11.89,0.18,29.66
11.89,0.18,30.5
11.89,0.18,28.86
11.89,0.18,30.5
11.89,0.18,27.39
11.89,0.18,29.66
11.89,0.18,22.53
11.89,0.19,24.91
11.89,0.19,33.33
11.89,0.19,29.66
11.89,0.19,22.95
11.89,0.19,21.76
11.89,0.19,25.48
11.89,0.19,29.66
11.89,0.19,29.66
11.89,0.19,32.33
11.89,0.2,26.08
11.89,0.2,30.5
11.89,0.2,31.39
11.89,0.2,28.86
11.89,0.2,26.08
11.89,0.2,28.86
11.89,0.2,31.39
11.89,0.2,32.33
11.89,0.21,26.08
11.89,0.21,34.38
11.89,0.21,32.33
11.89,0.21,27.39
11.89,0.21,26.72
11.89,0.22,26.72
11.89,0.22,32.33
11.89,0.22,28.1
11.89,0.22,31.39
11.89,0.22,28.1
11.89,0.22,27.39
11.89,0.22,33.33
11.89,0.22,33.33
11.89,0.23,30.5
11.89,0.23,26.72
11.89,0.23,26.72
11.89,0.23,31.39
11.89,0.23,28.86
11.89,0.23,28.86
11.89,0.23,26.72
11.89,0.23,29.66
11.89,0.23,29.66
11.89,0.24,29.66
11.89,0.24,28.86
11.89,0.24,30.5
11.89,0.24,35.48
11.89,0.24,30.5
11.89,0.24,24.91
11.89,0.24,27.39
11.89,0.24,27.39
11.89,0.24,27.39
11.89,0.25,26.72
11.89,0.25,28.1
11.89,0.25,29.66
11.89,0.25,28.1
11.89,0.25,26.72
11.89,0.25,25.48
11.39,0.0,11.39
11.39,0.0,11.73
11.39,0.0,9.88
11.39,0.0,11.06
11.39,0.0,13.01
11.39,0.0,12.54
11.39,0.0,12.7
11.39,0.0,13.01
11.39,0.0,13.32
11.39,0.01,12.86
11.39,0.01,12.7
11.39,0.01,13.17
11.39,0.01,12.38
11.39,0.01,13.01
11.39,0.01,13.76
11.39,0.01,14.05
11.39,0.01,13.32
11.39,0.01,14.33
11.39,0.02,14.6
11.39,0.02,15.12
11.39,0.02,14.6
11.39,0.02,14.6
11.39,0.03,15.25
11.39,0.03,15.0
11.39,0.03,15.38
11.39,0.03,15.62
11.39,0.03,14.87
11.39,0.03,14.6
11.39,0.03,15.99
11.39,0.03,15.62
11.39,0.04,15.5
11.39,0.04,15.62
11.39,0.04,17.35
11.39,0.04,16.83
11.39,0.04,17.35
11.39,0.04,15.38
11.39,0.04,16.35
11.39,0.04,16.83
11.39,0.04,16.71
11.39,0.05,16.71
11.39,0.05,16.71
11.39,0.05,17.49
11.39,0.05,17.22
11.39,0.05,18.09
11.39,0.05,17.93
11.39,0.05,16.71
11.39,0.05,18.43
11.39,0.06,17.78
11.39,0.06,18.8
11.39,0.06,20.46
11.39,0.06,20.19
11.39,0.06,23.4
11.39,0.06,20.46
11.39,0.06,21.07
11.39,0.07,25.48
11.39,0.07,20.76
11.39,0.07,22.13
11.39,0.07,20.76
11.39,0.07,28.86
11.39,0.08,20.76
11.39,0.08,23.87
11.39,0.08,26.08
11.39,0.08,25.48
11.39,0.08,24.38
11.39,0.08,26.72
11.39,0.08,28.1
11.39,0.08,26.08
11.39,0.08,28.86
11.39,0.08,21.41
11.39,0.08,29.66
11.39,0.08,24.38
11.39,0.08,23.87
11.39,0.09,33.33
11.39,0.09,27.39
11.39,0.09,24.38
11.39,0.09,23.87
11.39,0.09,30.5
11.39,0.1,23.87
11.39,0.1,33.33
11.39,0.1,27.39
11.39,0.1,32.33
11.39,0.1,29.66
11.39,0.1,30.5
11.39,0.1,23.87
11.39,0.1,30.5
11.39,0.1,21.76
11.39,0.11,22.95
11.39,0.11,30.5
11.39,0.11,29.66
11.39,0.11,23.87
11.39,0.11,22.13
11.39,0.11,21.76
11.39,0.11,22.13
11.39,0.11,23.4
11.39,0.11,30.5
11.39,0.12,23.4
11.39,0.12,30.5
11.39,0.12,26.72
11.39,0.12,22.53
11.39,0.12,31.39
11.39,0.12,22.95
11.39,0.12,22.95
11.39,0.12,27.39
11.39,0.13,21.07
11.39,0.13,21.76
11.39,0.13,35.48
11.39,0.13,21.07
11.39,0.14,22.13
11.39,0.14,23.87
11.39,0.14,21.07
11.39,0.14,28.86
11.39,0.14,27.39
11.39,0.14,21.76
11.39,0.14,22.53
11.39,0.15,27.39
11.39,0.15,30.5
11.39,0.15,33.33
11.39,0.15,31.39
11.39,0.15,34.38
11.39,0.15,27.39
11.39,0.15,27.39
11.39,0.15,26.72
11.39,0.16,28.1
11.39,0.16,33.33
11.39,0.16,27.39
11.39,0.16,26.72
11.39,0.16,30.5
11.39,0.16,29.66
11.39,0.16,26.72
11.39,0.16,23.4
11.39,0.16,33.33
11.39,0.16,22.53
11.39,0.17,28.86
11.39,0.17,34.38
11.39,0.17,33.33
11.39,0.17,22.53
11.39,0.17,21.76
11.39,0.18,21.76
11.39,0.18,25.48
11.39,0.18,35.48
11.39,0.18,21.07
11.39,0.18,21.76
11.39,0.18,36.65
11.39,0.18,24.38
11.39,0.18,26.08
11.39,0.18,21.76
11.39,0.18,22.95
11.39,0.18,32.33
11.39,0.18,34.38
11.39,0.18,28.86
11.39,0.19,28.1
11.39,0.19,30.5
11.39,0.19,30.5
11.39,0.19,32.33
11.39,0.2,31.39
11.39,0.2,34.38
11.39,0.2,26.72
11.39,0.2,21.07
11.39,0.2,24.38
11.39,0.2,30.5
11.39,0.2,34.38
11.39,0.2,21.76
11.39,0.2,31.39
11.39,0.2,27.39
11.39,0.21,30.5
11.39,0.21,33.33
11.39,0.21,21.76
11.39,0.21,31.39
11.39,0.21,30.5
11.39,0.21,26.72
11.39,0.21,27.39
11.39,0.21,28.1
11.39,0.22,31.39
11.39,0.22,34.38
11.39,0.22,28.86
11.39,0.22,28.1
11.39,0.22,29.66
11.39,0.22,34.38
11.39,0.22,26.72
11.39,0.22,30.5
11.39,0.22,28.1
11.39,0.23,30.5
11.39,0.23,34.38
11.39,0.23,24.38
11.39,0.23,24.38
11.39,0.23,31.39
11.39,0.24,28.86
11.39,0.24,34.38
11.39,0.24,31.39
11.39,0.24,26.08
11.39,0.24,29.66
11.39,0.24,28.1
11.39,0.24,27.39
11.39,0.24,27.39
11.39,0.24,27.39
11.39,0.24,21.76
11.39,0.24,28.1
11.39,0.24,28.86
11.39,0.24,32.33
11.39,0.24,29.66
10.05,0.0,10.05
10.05,0.0,11.39
10.05,0.0,11.56
10.05,0.0,11.39
10.05,0.0,11.56
10.05,0.0,9.71
10.05,0.01,11.23
10.05,0.01,11.06
10.05,0.01,11.56
10.05,0.01,10.72
10.05,0.01,13.32
10.05,0.02,13.32
10.05,0.02,12.7
10.05,0.02,13.91
10.05,0.02,12.86
10.05,0.02,12.86
10.05,0.02,13.17
10.05,0.02,12.54
10.05,0.03,13.01
10.05,0.03,13.62
10.05,0.03,14.47
10.05,0.03,13.76
10.05,0.03,13.17
10.05,0.03,14.6
10.05,0.03,15.12
10.05,0.03,14.6
10.05,0.03,14.6
10.05,0.03,14.74
10.05,0.04,15.12
10.05,0.04,15.62
10.05,0.04,15.62
10.05,0.04,15.25
10.05,0.04,15.87
10.05,0.04,15.62
10.05,0.04,15.5
10.05,0.04,15.99
10.05,0.05,18.09
10.05,0.05,15.62
10.05,0.05,16.83
10.05,0.05,15.87
10.05,0.06,16.96
10.05,0.06,15.74
10.05,0.06,16.11
10.05,0.06,16.59
10.05,0.06,16.35
10.05,0.06,16.96
10.05,0.06,18.26
10.05,0.06,17.93
10.05,0.07,17.09
10.05,0.07,16.71
10.05,0.07,18.09
10.05,0.07,19.67
10.05,0.07,21.41
10.05,0.07,24.38
10.05,0.07,28.1
10.05,0.08,22.95
10.05,0.08,25.48
10.05,0.08,33.33
10.05,0.08,28.86
10.05,0.08,23.87
10.05,0.08,28.1
10.05,0.08,25.48
10.05,0.08,28.1
10.05,0.09,30.5
10.05,0.09,28.1
10.05,0.09,26.72
10.05,0.09,23.4
10.05,0.1,30.5
10.05,0.1,24.38
10.05,0.1,23.87
10.05,0.1,34.38
10.05,0.1,28.1
10.05,0.1,29.66
10.05,0.1,29.66
10.05,0.1,23.4
10.05,0.11,19.92
10.05,0.11,26.72
10.05,0.11,28.1
10.05,0.11,28.86
10.05,0.11,28.1
10.05,0.11,30.5
10.05,0.11,23.87
10.05,0.11,26.72
10.05,0.11,30.5
10.05,0.12,28.86
10.05,0.12,24.38
10.05,0.12,22.53
10.05,0.12,28.1
10.05,0.12,29.66
10.05,0.12,28.86
10.05,0.12,26.08
10.05,0.12,28.86
10.05,0.13,25.48
10.05,0.13,28.86
10.05,0.13,23.4
10.05,0.13,28.86
10.05,0.13,26.72
10.05,0.13,22.13
10.05,0.13,23.4
10.05,0.13,28.86
10.05,0.13,31.39
10.05,0.13,26.72
10.05,0.14,33.33
10.05,0.14,26.72
10.05,0.14,29.66
10.05,0.14,24.38
10.05,0.14,26.08
10.05,0.14,26.72
10.05,0.14,22.95
10.05,0.14,26.72
10.05,0.15,27.39
10.05,0.15,26.72
10.05,0.15,27.39
10.05,0.15,35.48
10.05,0.15,22.95
10.05,0.15,32.33
10.05,0.15,29.66
10.05,0.15,21.76
10.05,0.15,28.86
10.05,0.15,27.39
10.05,0.16,27.39
10.05,0.16,22.95
10.05,0.16,31.39
10.05,0.16,27.39
10.05,0.16,26.08
10.05,0.16,26.72
10.05,0.16,26.72
10.05,0.16,23.87
10.05,0.16,23.4
10.05,0.17,28.86
10.05,0.17,25.48
10.05,0.17,21.41
10.05,0.17,29.66
10.05,0.18,30.5
10.05,0.18,21.07
10.05,0.18,27.39
10.05,0.18,20.76
10.05,0.18,26.72
10.05,0.19,28.1
10.05,0.19,19.92
10.05,0.19,28.1
10.05,0.19,22.95
10.05,0.19,21.41
10.05,0.19,27.39
10.05,0.19,28.86
10.05,0.19,28.1
10.05,0.19,31.39
10.05,0.2,31.39
10.05,0.2,26.72
10.05,0.2,22.95
10.05,0.2,26.72
10.05,0.2,26.08
10.05,0.2,23.4
10.05,0.2,28.86
10.05,0.2,28.1
10.05,0.21,24.38
10.05,0.21,28.1
10.05,0.21,26.72
10.05,0.21,29.66
10.05,0.21,26.72
10.05,0.22,28.86
10.05,0.22,29.66
10.05,0.22,33.33
10.05,0.22,28.86
10.05,0.22,26.08
10.05,0.22,30.5
10.05,0.22,24.91
10.05,0.23,26.72
10.05,0.23,26.72
10.05,0.23,35.48
10.05,0.23,24.38
10.05,0.23,30.5
10.05,0.23,24.91
10.05,0.23,28.86
10.05,0.23,26.08
10.05,0.23,25.48
10.05,0.24,28.1
10.05,0.24,29.66
10.05,0.24,28.86
10.05,0.24,24.91
10.05,0.24,30.5
10.05,0.24,24.91
10.05,0.24,27.39
10.05,0.24,33.33
10.05,0.24,28.1
10.05,0.25,29.66
10.05,0.25,27.39
10.05,0.25,26.72
10.05,0.25,33.33
10.05,0.25,30.5
10.05,0.25,26.08
10.05,0.25,32.33
10.05,0.25,29.66
10.05,0.25,36.65
10.05,0.26,29.66
10.05,0.26,34.38
10.05,0.26,29.66
10.05,0.26,21.41
10.05,0.26,31.39
10.05,0.27,26.08
11.9,0.0,11.9
11.9,0.0,11.5
11.9,0.0,11.5
11.9,0.0,11.7
11.9,0.0,13.1
11.9,0.0,13.3
11.9,0.0,13.5
11.9,0.01,13.0
11.9,0.01,14.4
11.9,0.01,14.3
11.9,0.01,15.4
11.9,0.01,15.2
11.9,0.01,13.4
11.9,0.01,15.5
11.9,0.02,15.2
11.9,0.02,14.1
11.9,0.02,16.4
11.9,0.02,14.1
11.9,0.02,15.2
11.9,0.02,15.4
11.9,0.02,14.8
11.9,0.02,14.6
11.9,0.03,14.4
11.9,0.03,15.0
11.9,0.03,14.9
11.9,0.03,15.0
11.9,0.04,16.3
11.9,0.04,16.4
11.9,0.04,18.3
11.9,0.04,15.4
11.9,0.05,16.4
11.9,0.05,16.0
11.9,0.05,17.9
11.9,0.05,17.2
11.9,0.05,15.6
11.9,0.05,16.7
11.9,0.05,16.9
11.9,0.05,15.4
11.9,0.06,16.2
11.9,0.06,16.7
11.9,0.06,17.1
11.9,0.07,16.7
11.9,0.07,15.6
11.9,0.07,16.6
11.9,0.07,16.3
11.9,0.07,17.1
11.9,0.07,16.4
11.9,0.07,15.4
11.9,0.08,17.1
11.9,0.08,15.9
11.9,0.08,16.8
11.9,0.09,18.5
11.9,0.09,15.7
11.9,0.09,16.2
11.9,0.1,16.2
11.9,0.1,16.4
11.9,0.1,17.2
11.9,0.1,15.9
11.9,0.11,15.5
11.9,0.11,17.1
11.9,0.11,16.7
11.9,0.11,16.2
11.9,0.11,16.2
11.9,0.11,17.9
11.9,0.11,15.9
11.9,0.11,16.7
11.9,0.12,15.8
11.9,0.12,16.5
11.9,0.12,16.2
11.9,0.12,16.2
11.9,0.12,16.5
11.9,0.12,16.1
11.9,0.12,16.3
11.9,0.12,15.8
11.9,0.12,15.8
11.9,0.12,15.9
11.9,0.12,16.0
11.9,0.12,16.0
11.9,0.12,16.2
11.9,0.12,16.1
11.9,0.12,16.0
11.9,0.12,16.2
11.9,0.12,16.1
11.9,0.12,15.9
11.9,0.12,16.1
11.9,0.12,15.8
11.9,0.12,16.0
11.9,0.12,16.1
11.9,0.12,16.2
11.9,0.12,16.3
11.9,0.12,15.8
11.9,0.12,16.1
11.9,0.12,15.9
11.9,0.12,16.2
11.9,0.12,16.2
11.9,0.12,15.9
11.9,0.12,16.2
11.9,0.12,16.0
11.9,0.12,16.1
11.9,0.12,15.9
11.9,0.12,15.9
11.9,0.12,16.0
11.9,0.12,16.0
11.9,0.12,15.9
11.9,0.12,16.1
11.9,0.12,16.0
11.9,0.12,15.7
11.9,0.12,15.3
11.9,0.12,16.7
11.9,0.12,15.9
11.9,0.12,16.0
11.9,0.12,16.1
11.9,0.12,14.8
11.9,0.12,16.1
11.9,0.12,15.8
11.9,0.12,15.8
11.9,0.12,16.0
11.9,0.12,15.7
11.9,0.12,16.1
11.9,0.12,15.6
11.9,0.12,15.7
11.9,0.12,16.2
11.9,0.12,16.1
11.9,0.12,15.8
11.9,0.12,15.4
11.9,0.12,17.4
11.9,0.12,15.5
11.9,0.12,16.0
11.9,0.12,16.1
11.9,0.12,15.7
11.9,0.12,16.1
11.9,0.12,15.7
11.9,0.12,16.1
11.9,0.12,16.0
11.9,0.12,15.8
11.9,0.12,16.1
11.9,0.12,15.6
11.9,0.12,16.0
11.9,0.12,15.9
11.9,0.12,15.6
11.9,0.12,15.9
11.9,0.12,15.7
11.9,0.12,15.9
11.9,0.12,15.7
11.9,0.12,15.8
11.9,0.12,16.2
11.9,0.12,15.8
11.9,0.12,16.1
11.9,0.12,15.6
11.9,0.12,15.9
11.9,0.12,16.0
11.9,0.12,15.8
11.9,0.12,15.8
11.9,0.12,15.7
11.9,0.12,15.9
11.9,0.12,16.2
11.9,0.12,15.8
11.9,0.12,16.2
11.9,0.12,15.7
11.9,0.12,16.2
11.9,0.12,15.9
11.9,0.12,15.4
11.9,0.12,16.0
11.9,0.12,15.5
11.9,0.12,16.8
11.9,0.12,15.6
11.9,0.12,15.3
11.9,0.12,16.5
11.9,0.12,15.6
11.9,0.12,16.1
11.9,0.12,16.1
11.9,0.12,16.0
11.9,0.12,16.2
11.9,0.12,15.6
11.9,0.12,16.8
11.9,0.12,16.2
11.9,0.12,16.2
11.9,0.12,15.5
11.9,0.12,15.2
11.9,0.12,16.0
11.9,0.12,16.0
11.9,0.12,16.7
11.9,0.12,16.1
11.9,0.12,16.1
11.9,0.12,16.2
11.9,0.12,15.9
11.9,0.12,16.4
11.9,0.12,15.9
11.9,0.12,16.0
11.9,0.12,16.1
11.9,0.12,16.0
11.9,0.12,16.2
11.9,0.12,16.1
11.9,0.12,16.0
11.9,0.12,16.0
11.9,0.12,16.0
11.9,0.12,16.0
11.9,0.12,16.3
11.9,0.12,15.5
11.9,0.12,16.1
12.3,0.0,12.3
12.3,0.0,12.2
12.3,0.0,12.0
12.3,0.0,12.5
12.3,0.0,12.3
12.3,0.0,12.0
12.3,0.0,12.0
12.3,0.0,12.9
12.3,0.0,12.1
12.3,0.0,12.3
12.3,0.01,12.9
12.3,0.01,12.6
12.3,0.01,11.4
12.3,0.01,13.7
12.3,0.01,14.0
12.3,0.01,13.5
12.3,0.01,12.9
12.3,0.02,13.1
12.3,0.02,13.6
12.3,0.02,13.0
12.3,0.02,11.8
12.3,0.02,12.0
12.3,0.02,12.5
12.3,0.03,12.5
12.3,0.03,13.2
12.3,0.03,12.5
12.3,0.03,13.5
12.3,0.03,11.3
12.3,0.03,12.0
12.3,0.03,11.7
12.3,0.03,11.4
12.3,0.04,12.4
12.3,0.04,13.6
12.3,0.04,13.1
12.3,0.04,14.0
12.3,0.04,12.3
12.3,0.04,11.6
12.3,0.04,13.0
12.3,0.04,12.2
12.3,0.04,13.4
12.3,0.05,11.2
12.3,0.05,11.8
12.3,0.05,11.4
12.3,0.05,11.9
12.3,0.05,11.3
12.3,0.05,12.7
12.3,0.05,12.3
12.3,0.05,13.0
12.3,0.06,12.8
12.3,0.06,12.9
12.3,0.06,13.9
12.3,0.06,13.6
12.3,0.06,13.7
12.3,0.06,11.9
12.3,0.06,17.1
12.3,0.07,13.3
12.3,0.07,13.5
12.3,0.07,13.5
12.3,0.07,14.6
12.3,0.07,14.1
12.3,0.07,17.6
12.3,0.07,13.8
12.3,0.08,13.2
12.3,0.08,13.6
12.3,0.08,14.3
12.3,0.08,13.4
12.3,0.08,13.3
12.3,0.08,13.7
12.3,0.08,14.4
12.3,0.09,13.6
12.3,0.09,13.5
12.3,0.09,13.4
12.3,0.1,13.5
12.3,0.1,13.4
12.3,0.1,13.6
12.3,0.1,12.8
12.3,0.1,13.0
12.3,0.1,13.5
12.3,0.1,13.4
12.3,0.1,13.7
12.3,0.1,13.2
12.3,0.1,13.5
12.3,0.1,13.3
12.3,0.1,13.4
12.3,0.1,13.4
12.3,0.1,13.5
12.3,0.1,13.4
12.3,0.1,13.5
12.3,0.1,13.3
12.3,0.1,13.5
12.3,0.1,13.5
12.3,0.1,13.8
12.3,0.1,13.3
12.3,0.1,13.5
12.3,0.1,13.4
12.3,0.1,13.5
12.3,0.1,13.5
12.3,0.1,13.4
12.3,0.1,13.2
12.3,0.1,13.6
12.3,0.1,13.6
12.3,0.1,13.3
12.3,0.1,13.3
12.3,0.1,13.4
12.3,0.1,13.6
12.3,0.1,13.5
12.3,0.1,13.4
12.3,0.1,13.5
12.3,0.1,13.7
12.3,0.1,13.5
12.3,0.1,13.4
12.3,0.1,13.4
12.3,0.1,13.5
12.3,0.1,13.6
12.3,0.1,13.7
12.3,0.1,13.4
12.3,0.1,13.6
12.3,0.1,13.6
12.3,0.1,13.4
12.3,0.1,13.5
12.3,0.1,13.6
12.3,0.1,13.2
12.3,0.1,13.6
12.3,0.1,13.5
12.3,0.1,13.6
12.3,0.1,13.6
12.3,0.1,13.4
12.3,0.1,13.4
12.3,0.1,13.5
12.3,0.1,13.6
12.3,0.1,13.4
12.3,0.1,13.6
12.3,0.1,13.4
12.3,0.1,13.6
12.3,0.1,13.6
12.3,0.1,13.4
12.3,0.1,13.3
12.3,0.1,13.3
12.3,0.1,13.5
12.3,0.1,13.6
12.3,0.1,13.6
12.3,0.1,13.5
12.3,0.1,13.0
12.3,0.1,13.6
12.3,0.1,13.6
12.3,0.1,13.6
12.3,0.1,13.6
12.3,0.1,13.7
12.3,0.1,13.3
12.3,0.1,13.6
12.3,0.1,13.4
12.3,0.1,13.6
12.3,0.1,13.5
12.3,0.1,13.5
12.3,0.1,13.8
12.3,0.1,13.8
12.3,0.1,13.4
12.3,0.1,13.5
12.3,0.1,13.8
12.3,0.1,13.6
12.3,0.1,13.5
12.3,0.1,13.4
12.3,0.1,13.5
12.3,0.1,13.5
12.3,0.1,13.6
12.3,0.1,13.5
12.3,0.1,13.4
12.3,0.1,13.4
12.3,0.1,13.7
12.3,0.1,13.4
12.3,0.1,13.6
12.3,0.1,13.4
12.3,0.1,13.5
12.3,0.1,13.6
12.3,0.1,13.7
12.3,0.1,13.6
12.3,0.1,13.9
12.3,0.1,13.7
12.3,0.1,13.7
12.3,0.1,13.6
12.3,0.1,13.5
12.3,0.1,13.7
12.3,0.1,13.5
12.3,0.1,13.4
12.3,0.1,13.5
12.3,0.1,13.7
12.3,0.1,13.5
12.3,0.1,13.6
12.3,0.1,13.6
12.3,0.1,13.5
12.3,0.1,13.5
12.3,0.1,13.6
12.3,0.1,13.7
12.3,0.1,13.7
12.3,0.1,13.6
12.3,0.1,13.7
12.3,0.1,13.5
12.3,0.1,13.4
12.3,0.1,13.6
12.3,0.1,13.7
10.8,0.0,10.8
10.8,0.0,10.8
10.8,0.0,12.3
10.8,0.0,12.0
10.8,0.0,12.6
10.8,0.0,13.0
10.8,0.0,13.3
10.8,0.01,13.9
10.8,0.01,13.1
10.8,0.01,13.3
10.8,0.01,14.3
10.8,0.02,14.8
10.8,0.02,13.9
10.8,0.02,13.1
10.8,0.02,15.7
10.8,0.02,14.8
10.8,0.02,15.7
10.8,0.02,13.3
10.8,0.02,15.6
10.8,0.03,14.6
10.8,0.03,16.2
10.8,0.03,14.0
10.8,0.03,15.3
10.8,0.03,15.3
10.8,0.03,15.7
10.8,0.03,15.4
10.8,0.03,15.4
10.8,0.04,17.8
10.8,0.04,16.2
10.8,0.04,16.1
10.8,0.04,16.4
10.8,0.04,17.2
10.8,0.04,15.0
10.8,0.04,15.6
10.8,0.05,15.8
10.8,0.05,15.8
10.8,0.05,15.8
10.8,0.05,15.6
10.8,0.05,15.8
10.8,0.05,16.0
10.8,0.05,16.0
10.8,0.06,15.6
10.8,0.06,16.5
10.8,0.06,14.9
10.8,0.06,15.7
10.8,0.06,15.8
10.8,0.06,16.4
10.8,0.06,17.4
10.8,0.06,16.0
10.8,0.06,15.1
10.8,0.06,16.0
10.8,0.07,16.2
10.8,0.07,15.6
10.8,0.07,17.0
10.8,0.07,15.4
10.8,0.07,16.1
10.8,0.08,15.3
10.8,0.08,15.5
10.8,0.08,15.0
10.8,0.08,15.0
10.8,0.08,15.3
10.8,0.08,15.1
10.8,0.08,16.8
10.8,0.08,16.8
10.8,0.08,14.9
10.8,0.08,18.0
10.8,0.08,16.5
10.8,0.08,16.0
10.8,0.09,15.9
10.8,0.09,15.0
10.8,0.09,16.3
10.8,0.09,15.2
10.8,0.09,16.0
10.8,0.09,14.8
10.8,0.09,16.4
10.8,0.09,16.3
10.8,0.09,15.2
10.8,0.1,14.7
10.8,0.1,15.6
10.8,0.1,15.6
10.8,0.1,15.5
10.8,0.1,16.5
10.8,0.1,15.4
10.8,0.1,15.0
10.8,0.1,15.5
10.8,0.11,15.0
10.8,0.11,15.8
10.8,0.11,16.6
10.8,0.11,15.5
10.8,0.11,15.6
10.8,0.11,15.6
10.8,0.11,15.0
10.8,0.11,17.2
10.8,0.11,15.8
10.8,0.12,15.1
10.8,0.12,15.9
10.8,0.12,16.7
10.8,0.12,15.1
10.8,0.12,16.7
10.8,0.12,15.9
10.8,0.12,16.3
10.8,0.13,15.7
10.8,0.13,15.4
10.8,0.13,15.7
10.8,0.13,15.2
10.8,0.13,15.9
10.8,0.13,15.9
10.8,0.13,15.1
10.8,0.13,16.9
10.8,0.14,16.2
10.8,0.14,15.8
10.8,0.14,15.1
10.8,0.14,16.9
10.8,0.14,15.3
10.8,0.14,15.2
10.8,0.14,15.7
10.8,0.14,14.7
10.8,0.14,16.6
10.8,0.14,15.4
10.8,0.15,16.8
10.8,0.15,14.8
10.8,0.15,15.5
10.8,0.15,15.6
10.8,0.15,15.3
10.8,0.15,15.0
10.8,0.15,15.3
10.8,0.16,15.8
10.8,0.16,15.3
10.8,0.16,15.9
10.8,0.16,15.6
10.8,0.16,15.5
10.8,0.16,14.5
10.8,0.16,15.3
10.8,0.16,14.8
10.8,0.16,16.2
10.8,0.17,15.4
10.8,0.17,15.4
10.8,0.17,16.0
10.8,0.17,16.1
10.8,0.17,15.4
10.8,0.17,15.8
10.8,0.17,15.9
10.8,0.17,16.0
10.8,0.17,15.6
10.8,0.17,15.7
10.8,0.17,15.9
10.8,0.17,15.9
10.8,0.17,15.5
10.8,0.17,15.6
10.8,0.17,15.5
10.8,0.17,15.7
10.8,0.17,15.8
10.8,0.17,15.3
10.8,0.17,15.8
10.8,0.17,15.8
10.8,0.17,15.5
10.8,0.17,15.8
10.8,0.17,15.5
10.8,0.17,15.6
10.8,0.17,15.5
10.8,0.17,15.7
10.8,0.17,15.6
10.8,0.17,15.7
10.8,0.17,15.7
10.8,0.17,15.9
10.8,0.17,15.8
10.8,0.17,15.7
10.8,0.17,15.8
10.8,0.17,15.6
10.8,0.17,15.8
10.8,0.17,15.5
10.8,0.17,15.7
10.8,0.17,15.8
10.8,0.17,16.0
10.8,0.17,15.8
10.8,0.17,15.7
10.8,0.17,15.8
10.8,0.17,15.8
10.8,0.17,15.9
10.8,0.17,15.9
10.8,0.17,15.7
10.8,0.17,15.9
10.8,0.17,16.0
10.8,0.17,15.8
10.8,0.17,15.9
10.8,0.17,15.9
10.8,0.17,15.7
10.8,0.17,16.0
10.8,0.17,15.8
10.8,0.17,16.0
10.8,0.17,15.8
10.8,0.17,16.0
10.8,0.17,15.9
10.8,0.17,15.5
10.8,0.17,15.8
10.8,0.17,15.7
10.8,0.17,15.7
10.8,0.17,15.8
10.8,0.17,15.9
10.8,0.17,15.7
10.9,0.0,10.9
10.9,0.0,11.3
10.9,0.0,12.0
10.9,0.0,13.0
10.9,0.0,13.2
10.9,0.0,12.3
10.9,0.0,13.7
10.9,0.01,14.1
10.9,0.01,13.6
10.9,0.01,13.6
10.9,0.01,14.4
10.9,0.01,15.1
10.9,0.01,15.2
10.9,0.01,14.7
10.9,0.01,15.6
10.9,0.01,14.5
10.9,0.02,14.3
10.9,0.02,15.6
10.9,0.02,15.3
10.9,0.02,14.0
10.9,0.02,14.1
10.9,0.02,14.6
10.9,0.02,13.9
10.9,0.03,13.2
10.9,0.03,14.2
10.9,0.03,15.3
10.9,0.03,15.7
10.9,0.03,14.3
10.9,0.03,14.9
10.9,0.03,15.8
10.9,0.03,15.6
10.9,0.04,15.1
10.9,0.04,15.6
10.9,0.04,15.4
10.9,0.04,16.2
10.9,0.04,15.7
10.9,0.04,15.9
10.9,0.04,15.6
10.9,0.04,16.0
10.9,0.04,15.9
10.9,0.05,15.9
10.9,0.05,15.6
10.9,0.05,15.7
10.9,0.05,16.2
10.9,0.05,15.1
10.9,0.05,14.8
10.9,0.05,18.1
10.9,0.06,14.9
10.9,0.06,15.1
10.9,0.06,16.3
10.9,0.06,15.6
10.9,0.07,16.2
10.9,0.07,15.9
10.9,0.07,15.7
10.9,0.07,16.3
10.9,0.07,15.4
10.9,0.07,16.6
10.9,0.07,15.4
10.9,0.07,15.8
10.9,0.08,15.8
10.9,0.08,16.6
10.9,0.08,16.5
10.9,0.08,15.5
10.9,0.08,15.9
10.9,0.08,16.2
10.9,0.08,15.1
10.9,0.08,15.9
10.9,0.09,15.4
10.9,0.09,16.5
10.9,0.09,15.4
10.9,0.09,15.6
10.9,0.09,15.4
10.9,0.1,16.5
10.9,0.1,15.8
10.9,0.1,15.2
10.9,0.1,16.2
10.9,0.1,15.1
10.9,0.1,16.3
10.9,0.1,15.4
10.9,0.1,14.5
10.9,0.11,15.2
10.9,0.11,16.2
10.9,0.11,15.9
10.9,0.11,15.0
10.9,0.11,15.6
10.9,0.11,16.0
10.9,0.11,15.1
10.9,0.11,15.7
10.9,0.11,15.5
10.9,0.12,15.5
10.9,0.12,15.3
10.9,0.12,15.5
10.9,0.12,15.6
10.9,0.13,16.8
10.9,0.13,15.8
10.9,0.13,15.9
10.9,0.13,16.0
10.9,0.13,17.0
10.9,0.13,14.9
10.9,0.13,15.6
10.9,0.13,16.2
10.9,0.14,14.9
10.9,0.14,15.3
10.9,0.14,15.7
10.9,0.14,15.8
10.9,0.14,15.2
10.9,0.15,14.7
10.9,0.15,15.7
10.9,0.15,15.6
10.9,0.15,15.4
10.9,0.15,15.3
10.9,0.15,16.0
10.9,0.15,15.4
10.9,0.15,15.9
10.9,0.15,15.2
10.9,0.16,15.4
10.9,0.16,14.4
10.9,0.16,15.7
10.9,0.16,15.6
10.9,0.17,15.4
10.9,0.17,15.8
10.9,0.17,14.9
10.9,0.17,16.1
10.9,0.17,15.4
10.9,0.17,16.4
10.9,0.17,15.2
10.9,0.17,15.0
10.9,0.17,14.4
10.9,0.18,16.0
10.9,0.18,15.0
10.9,0.18,16.0
10.9,0.18,15.4
10.9,0.19,15.3
10.9,0.19,15.3
10.9,0.19,15.7
10.9,0.19,15.3
10.9,0.19,15.5
10.9,0.19,15.4
10.9,0.19,15.6
10.9,0.19,15.6
10.9,0.19,15.7
10.9,0.19,15.5
10.9,0.19,15.7
10.9,0.19,15.6
10.9,0.19,15.8
10.9,0.19,15.5
10.9,0.19,15.8
10.9,0.19,15.6
10.9,0.19,15.6
10.9,0.19,15.4
10.9,0.19,15.7
10.9,0.19,15.6
10.9,0.19,15.7
10.9,0.19,15.7
10.9,0.19,15.7
10.9,0.19,14.9
10.9,0.19,17.1
10.9,0.19,15.9
10.9,0.19,16.1
10.9,0.19,15.6
10.9,0.19,15.8
10.9,0.19,15.4
10.9,0.19,16.9
10.9,0.19,14.7
17.9,0.19,19.2
17.9,0.19,19.5
17.9,0.19,19.0
17.9,0.19,19.9
17.9,0.19,19.0
17.9,0.19,19.8
17.9,0.19,19.2
17.9,0.19,19.2
17.9,0.19,19.7
17.9,0.19,19.4
17.9,0.19,19.1
17.9,0.19,19.8
17.9,0.19,19.4
10.9,0.19,15.8
10.9,0.19,15.5
10.9,0.19,15.2
10.9,0.19,15.4
10.9,0.19,15.3
10.9,0.19,15.8
10.9,0.19,15.2
10.9,0.19,15.7
10.9,0.19,15.3
10.9,0.19,15.4
10.9,0.19,15.2
10.9,0.19,15.5
10.9,0.19,15.4
10.9,0.19,15.6
10.9,0.19,15.5
10.9,0.19,15.5
10.9,0.19,15.6
10.9,0.19,15.6
10.9,0.19,15.0
10.9,0.19,15.4
10.9,0.19,15.8
10.9,0.19,15.3
10.9,0.19,15.7
12.8,0.0,12.8
12.8,0.0,13.6
12.8,0.0,14.3
12.8,0.01,12.8
12.8,0.01,14.9
12.8,0.01,14.0
12.8,0.02,15.0
12.8,0.02,14.8
12.8,0.02,15.7
12.8,0.02,14.4
12.8,0.02,15.7
12.8,0.02,15.8
12.8,0.02,14.1
12.8,0.02,14.6
12.8,0.02,14.7
12.8,0.03,15.1
12.8,0.03,15.3
12.8,0.03,14.9
12.8,0.03,16.1
12.8,0.04,15.0
12.8,0.04,15.7
12.8,0.04,15.1
12.8,0.04,14.8
12.8,0.04,15.8
16.8,0.04,17.1
16.8,0.04,17.9
16.8,0.04,15.8
16.8,0.05,15.3
16.8,0.05,16.5
16.8,0.05,16.7
16.8,0.06,16.4
16.8,0.06,16.4
16.8,0.06,16.9
16.8,0.06,15.9
16.8,0.06,16.1
16.8,0.06,16.1
16.8,0.06,16.4
16.8,0.06,16.3
12.8,0.06,15.6
12.8,0.07,16.7
12.8,0.07,15.8
12.8,0.07,17.3
12.8,0.08,17.6
12.8,0.08,17.7
12.8,0.08,16.2
12.8,0.08,15.3
12.8,0.08,15.4
12.8,0.08,17.0
12.8,0.08,15.8
12.8,0.08,15.9
12.8,0.09,16.0
12.8,0.09,15.7
12.8,0.09,16.3
12.8,0.09,16.7
12.8,0.1,16.7
12.8,0.1,17.4
12.8,0.1,15.5
12.8,0.1,14.7
12.8,0.1,17.4
12.8,0.1,16.0
12.8,0.1,15.7
12.8,0.1,17.1
12.8,0.11,17.0
12.8,0.11,16.1
12.8,0.11,15.6
12.8,0.11,16.8
12.8,0.11,16.2
12.8,0.11,16.6
12.8,0.11,16.3
12.8,0.12,16.4
12.8,0.12,15.4
12.8,0.12,15.8
12.8,0.12,16.0
12.8,0.13,16.8
12.8,0.13,16.0
12.8,0.13,15.3
12.8,0.13,16.2
12.8,0.13,15.4
12.8,0.13,16.2
12.8,0.13,16.1
12.8,0.14,15.2
12.8,0.14,15.4
12.8,0.14,17.0
12.8,0.14,16.3
12.8,0.15,16.0
12.8,0.15,16.1
12.8,0.15,17.6
12.8,0.15,16.0
12.8,0.15,17.3
12.8,0.15,17.2
12.8,0.15,17.0
12.8,0.16,14.6
12.8,0.16,15.9
12.8,0.16,15.6
12.8,0.17,15.1
12.8,0.17,16.1
12.8,0.17,15.7
12.8,0.17,15.9
12.8,0.17,17.4
12.8,0.17,16.0
12.8,0.17,16.2
12.8,0.17,15.9
12.8,0.18,16.3
12.8,0.18,17.1
12.8,0.18,16.2
12.8,0.18,16.8
12.8,0.18,16.0
12.8,0.18,15.9
12.8,0.18,16.8
12.8,0.18,16.3
12.8,0.18,16.3
12.8,0.18,16.5
12.8,0.18,15.8
12.8,0.18,15.6
12.8,0.18,16.3
12.8,0.18,16.2
12.8,0.18,16.0
12.8,0.18,16.2
12.8,0.18,15.9
12.8,0.18,15.9
12.8,0.18,16.2
12.8,0.18,15.8
12.8,0.18,16.0
12.8,0.18,15.9
12.8,0.18,16.1
12.8,0.18,16.0
12.8,0.18,16.0
12.8,0.18,16.0
12.8,0.18,16.2
12.8,0.18,16.1
12.8,0.18,16.2
12.8,0.18,16.2
12.8,0.18,15.9
12.8,0.18,15.9
12.8,0.18,16.0
12.8,0.18,15.8
14.8,0.18,16.3
14.8,0.18,16.2
14.8,0.18,15.8
14.8,0.18,16.0
14.8,0.18,15.8
14.8,0.18,16.0
14.8,0.18,15.9
14.8,0.18,16.2
14.8,0.18,15.8
12.8,0.18,16.2
12.8,0.18,15.8
12.8,0.18,15.9
12.8,0.18,16.2
12.8,0.18,15.9
12.8,0.18,15.8
12.8,0.18,15.9
12.8,0.18,15.9
12.8,0.18,16.1
12.8,0.18,15.8
12.8,0.18,16.0
12.8,0.18,16.1
12.8,0.18,15.9
12.8,0.18,15.8
12.8,0.18,16.2
12.8,0.18,15.9
12.8,0.18,15.9
12.8,0.18,15.8
12.8,0.18,16.3
12.8,0.18,16.0
12.8,0.18,16.1
12.8,0.18,16.1
12.8,0.18,16.2
12.8,0.18,15.9
12.8,0.18,15.9
12.8,0.18,16.1
12.8,0.18,15.8
12.8,0.18,15.9
12.8,0.18,15.8
12.8,0.18,15.8
12.8,0.18,16.0
12.8,0.18,16.0
12.8,0.18,16.1
12.8,0.18,16.3
12.8,0.18,16.0
12.8,0.18,15.9
12.8,0.18,16.0
12.8,0.18,15.7
12.8,0.18,15.8
12.8,0.18,16.3
12.8,0.18,16.1
12.8,0.18,15.8
12.8,0.18,16.2
12.8,0.18,15.8
12.8,0.18,16.0
12.8,0.18,15.9
12.8,0.18,16.0
12.8,0.18,16.0
12.8,0.18,15.8
12.8,0.18,16.0
12.8,0.18,16.4
12.8,0.18,15.9
12.8,0.18,16.0
12.8,0.18,15.8
12.8,0.18,15.9
11.7,0.0,11.7
11.7,0.0,12.4
11.7,0.0,13.9
11.7,0.0,12.1
11.7,0.0,13.7
11.7,0.01,13.8
11.7,0.01,15.5
11.7,0.01,14.9
11.7,0.01,15.6
11.7,0.01,15.0
11.7,0.01,14.4
11.7,0.01,14.0
11.7,0.01,14.0
11.7,0.02,14.2
11.7,0.02,14.8
11.7,0.02,14.1
11.7,0.03,14.4
11.7,0.03,17.0
11.7,0.03,14.5
11.7,0.03,15.2
11.7,0.03,14.6
11.7,0.03,15.2
11.7,0.03,18.0
11.7,0.03,15.5
11.7,0.04,16.2
11.7,0.04,15.4
11.7,0.04,16.3
11.7,0.04,15.0
11.7,0.05,16.0
11.7,0.05,15.9
11.7,0.05,15.7
11.7,0.05,15.2
11.7,0.05,15.6
11.7,0.05,15.9
11.7,0.05,15.4
11.7,0.05,15.3
11.7,0.06,15.4
11.7,0.06,16.3
11.7,0.06,15.9
11.7,0.06,15.8
11.7,0.07,16.5
11.7,0.07,15.4
11.7,0.07,17.8
11.7,0.07,16.3
11.7,0.07,15.5
11.7,0.07,15.9
11.7,0.07,15.0
11.7,0.08,16.2
11.7,0.08,15.4
11.7,0.08,15.8
11.7,0.08,16.0
11.7,0.08,16.3
11.7,0.08,15.9
11.7,0.08,15.5
11.7,0.08,16.0
14.7,0.08,15.8
14.7,0.08,16.0
14.7,0.08,16.1
14.7,0.08,15.4
14.7,0.08,16.0
14.7,0.08,15.7
14.7,0.08,15.6
14.7,0.08,15.6
14.7,0.08,15.8
14.7,0.08,15.7
14.7,0.08,15.8
14.7,0.08,15.9
14.7,0.08,15.7
11.7,0.08,15.7
11.7,0.08,15.8
11.7,0.08,15.6
11.7,0.08,15.7
11.7,0.08,15.9
11.7,0.08,15.9
11.7,0.08,15.8
11.7,0.08,15.8
11.7,0.08,16.0
11.7,0.08,15.7
11.7,0.08,15.6
11.7,0.08,15.8
11.7,0.08,15.7
11.7,0.08,15.7
11.7,0.08,15.5
11.7,0.08,15.7
11.7,0.08,15.8
11.7,0.08,15.7
11.7,0.08,15.7
11.7,0.08,15.7
11.7,0.08,15.9
11.7,0.08,15.7
11.7,0.08,15.8
11.7,0.08,15.8
11.7,0.08,15.5
11.7,0.08,16.1
11.7,0.08,15.5
11.7,0.08,15.6
11.7,0.08,15.9
11.7,0.08,15.4
11.7,0.08,15.6
11.7,0.08,15.6
11.7,0.08,15.6
11.7,0.08,15.5
11.7,0.08,15.6
11.7,0.08,15.8
11.7,0.08,15.5
11.7,0.08,15.7
15.7,0.08,15.6
15.7,0.08,15.7
15.7,0.08,15.4
11.7,0.08,15.5
11.7,0.08,15.6
11.7,0.08,15.5
11.7,0.08,15.8
11.7,0.08,15.6
11.7,0.08,15.7
11.7,0.08,15.6
11.7,0.08,16.0
11.7,0.08,15.7
11.7,0.08,15.7
11.7,0.08,15.8
11.7,0.08,15.6
11.7,0.08,15.8
11.7,0.08,15.7
11.7,0.08,15.6
11.7,0.08,15.6
11.7,0.08,15.5
11.7,0.08,15.8
11.7,0.08,15.6
11.7,0.08,15.6
11.7,0.08,15.6
11.7,0.08,15.6
11.7,0.08,15.6
11.7,0.08,15.6
11.7,0.08,15.6
11.7,0.08,15.5
11.7,0.08,15.6
11.7,0.08,15.6
11.7,0.08,15.7
11.7,0.08,15.7
11.7,0.08,15.8
11.7,0.08,15.6
11.7,0.08,16.0
11.7,0.08,15.7
11.7,0.08,15.8
11.7,0.08,16.1
11.7,0.08,15.8
11.7,0.08,15.8
11.7,0.08,16.0
11.7,0.08,15.8
11.7,0.08,15.9
11.7,0.08,15.7
11.7,0.08,15.8
11.7,0.08,15.7
11.7,0.08,15.7
11.7,0.08,16.0
11.7,0.08,15.6
11.7,0.08,15.8
11.7,0.08,15.6
11.7,0.08,15.8
11.7,0.08,16.1
11.7,0.08,15.7
11.7,0.08,16.0
11.7,0.08,15.6
11.7,0.08,15.7
11.7,0.08,15.9
11.7,0.08,15.6
11.7,0.08,15.7
11.7,0.08,15.7
11.7,0.08,15.5
11.7,0.08,16.0
11.7,0.08,15.6
11.7,0.08,15.5
11.7,0.08,15.7
11.7,0.08,15.8
11.7,0.08,15.7
11.7,0.08,15.8
11.7,0.08,15.7
11.7,0.08,15.8
11.7,0.08,15.8
11.7,0.08,15.8
11.7,0.08,15.6
11.7,0.08,15.9
11.7,0.08,15.8
11.7,0.08,15.8
11.7,0.08,15.8
11.7,0.08,15.7
11.7,0.08,15.7
11.7,0.08,15.8
11.7,0.08,15.7
11.7,0.08,15.6
11.7,0.08,15.7
11.7,0.08,15.7
11.7,0.08,15.6
11.7,0.08,15.7
11.7,0.08,15.6
11.7,0.08,16.0
11.7,0.08,16.0
11.7,0.08,15.7
11.7,0.08,15.7
11.7,0.08,15.6
11.0,0.0,11.0
11.0,0.0,11.0
11.0,0.0,11.0
11.0,0.0,11.6
11.0,0.0,11.9
11.0,0.01,11.6
11.0,0.01,11.8
11.0,0.01,12.4
11.0,0.01,11.9
11.0,0.01,13.0
11.0,0.01,13.9
11.0,0.01,13.0
11.0,0.01,13.4
11.0,0.01,12.4
11.0,0.02,14.3
11.0,0.02,13.9
11.0,0.02,14.5
11.0,0.03,14.2
11.0,0.03,15.6
11.0,0.03,14.9
11.0,0.03,15.0
11.0,0.03,14.5
11.0,0.03,13.4
11.0,0.03,14.1
11.0,0.03,15.1
11.0,0.03,13.8
11.0,0.04,14.2
11.0,0.04,13.7
11.0,0.04,13.6
11.0,0.04,15.3
11.0,0.04,13.9
11.0,0.04,15.0
11.0,0.04,15.0
11.0,0.04,15.1
11.0,0.04,16.1
11.0,0.05,14.6
11.0,0.05,15.5
11.0,0.05,16.1
11.0,0.05,16.6
11.0,0.05,16.1
11.0,0.05,17.9
11.0,0.05,15.8
11.0,0.05,16.1
11.0,0.05,17.2
11.0,0.06,14.9
11.0,0.06,15.7
11.0,0.06,17.1
11.0,0.06,16.9
11.0,0.06,16.6
11.0,0.06,17.4
11.0,0.06,15.6
11.0,0.06,16.4
11.0,0.07,16.3
11.0,0.07,16.3
11.0,0.07,16.7
11.0,0.07,16.0
11.0,0.07,16.2
11.0,0.07,15.3
11.0,0.07,15.7
11.0,0.07,16.9
11.0,0.07,16.6
11.0,0.08,15.7
11.0,0.08,16.7
11.0,0.08,15.7
11.0,0.08,14.9
11.0,0.08,15.9
11.0,0.08,16.0
11.0,0.08,15.6
11.0,0.08,16.9
11.0,0.09,16.2
11.0,0.09,15.5
11.0,0.09,16.2
11.0,0.09,15.7
11.0,0.09,15.5
11.0,0.09,17.7
11.0,0.09,15.6
11.0,0.09,15.7
11.0,0.09,15.1
11.0,0.1,16.2
11.0,0.1,16.0
11.0,0.1,15.0
11.0,0.1,16.9
11.0,0.1,18.5
11.0,0.1,16.1
11.0,0.1,16.1
11.0,0.11,15.2
11.0,0.11,15.8
11.0,0.11,15.7
11.0,0.11,15.9
11.0,0.11,15.1
11.0,0.11,15.1
11.0,0.11,16.2
11.0,0.11,16.5
11.0,0.12,16.1
11.0,0.12,15.3
11.0,0.12,15.7
11.0,0.12,16.8
11.0,0.12,15.9
11.0,0.12,15.8
11.0,0.12,15.7
11.0,0.12,16.0
11.0,0.12,15.1
11.0,0.12,15.8
11.0,0.12,15.7
11.0,0.12,16.4
11.0,0.12,15.5
11.0,0.12,16.5
11.0,0.13,15.8
11.0,0.13,15.2
11.0,0.13,16.9
11.0,0.13,15.6
11.0,0.13,15.4
11.0,0.13,16.3
11.0,0.13,15.6
11.0,0.13,15.3
11.0,0.14,15.3
11.0,0.14,16.8
11.0,0.14,15.9
11.0,0.14,15.9
11.0,0.14,14.6
11.0,0.14,16.6
11.0,0.14,15.3
11.0,0.15,15.0
11.0,0.15,15.3
11.0,0.15,14.9
11.0,0.15,15.7
11.0,0.15,15.7
11.0,0.15,15.3
11.0,0.15,15.9
11.0,0.16,15.4
11.0,0.16,16.4
11.0,0.16,16.4
11.0,0.16,17.1
11.0,0.16,15.5
11.0,0.16,15.5
11.0,0.16,16.3
11.0,0.16,15.5
11.0,0.16,15.9
11.0,0.16,16.1
11.0,0.16,15.5
11.0,0.16,15.6
11.0,0.16,16.4
11.0,0.17,15.7
11.0,0.17,15.7
11.0,0.17,15.7
11.0,0.17,15.6
11.0,0.17,15.8
11.0,0.17,15.9
11.0,0.17,15.8
11.0,0.17,15.3
11.0,0.17,16.2
11.0,0.17,15.8
11.0,0.17,15.8
11.0,0.17,15.4
11.0,0.17,15.6
11.0,0.17,15.9
11.0,0.17,15.5
11.0,0.17,15.8
11.0,0.17,16.1
11.0,0.17,15.9
11.0,0.17,15.8
11.0,0.17,15.7
11.0,0.17,16.0
11.0,0.17,15.9
11.0,0.17,15.8
11.0,0.17,15.8
11.0,0.17,16.1
11.0,0.17,15.8
11.0,0.17,15.6
11.0,0.17,15.8
11.0,0.17,16.1
11.0,0.17,15.5
11.0,0.17,15.6
11.0,0.17,16.0
11.0,0.17,15.8
11.0,0.17,15.7
11.0,0.17,15.9
11.0,0.17,16.0
11.0,0.17,15.9
11.0,0.17,15.8
11.0,0.17,15.4
11.0,0.17,15.8
11.0,0.17,15.8
11.0,0.17,15.6
11.0,0.17,15.8
11.0,0.17,15.9
11.0,0.17,15.7
11.0,0.17,15.8
11.0,0.17,16.0
11.0,0.17,15.6
11.0,0.17,15.7
11.0,0.17,15.7
11.0,0.17,15.7
11.0,0.17,15.9
11.0,0.17,15.5
11.0,0.17,15.8
11.0,0.17,15.9
11.0,0.17,15.5
11.0,0.17,15.7
11.0,0.17,15.8
10.8,0.0,10.8
10.8,0.0,10.9
10.8,0.0,10.8
10.8,0.0,10.4
10.8,0.0,10.6
10.8,0.0,10.6
10.8,0.0,10.8
10.8,0.0,11.0
10.8,0.0,11.1
10.8,0.0,11.5
10.8,0.0,10.8
10.8,0.0,11.7
10.8,0.01,11.3
10.8,0.01,11.8
10.8,0.01,11.8
10.8,0.01,12.2
10.8,0.01,12.9
10.8,0.01,13.2
10.8,0.01,13.4
10.8,0.01,13.0
10.8,0.02,13.2
10.8,0.02,13.3
10.8,0.02,11.7
10.8,0.02,13.8
10.8,0.02,13.3
10.8,0.02,13.9
10.8,0.02,13.9
10.8,0.02,14.6
10.8,0.03,14.3
10.8,0.03,13.9
10.8,0.03,14.2
10.8,0.03,13.6
10.8,0.03,14.6
10.8,0.03,14.1
10.8,0.03,15.4
10.8,0.03,15.1
10.8,0.04,15.8
10.8,0.04,14.4
10.8,0.04,16.2
10.8,0.04,15.0
10.8,0.04,14.4
10.8,0.04,14.9
10.8,0.04,15.7
10.8,0.04,15.8
10.8,0.04,16.3
10.8,0.04,15.7
10.8,0.04,15.6
10.8,0.04,15.7
10.8,0.04,15.4
10.8,0.05,15.6
10.8,0.05,15.9
10.8,0.05,15.5
10.8,0.05,16.3
10.8,0.05,16.4
10.8,0.05,15.3
10.8,0.05,15.2
10.8,0.05,15.7
10.8,0.05,16.1
10.8,0.06,16.0
10.8,0.06,15.5
10.8,0.06,15.3
10.8,0.06,16.8
10.8,0.06,15.8
10.8,0.06,15.2
10.8,0.06,15.6
10.8,0.07,16.7
10.8,0.07,15.8
10.8,0.07,15.5
10.8,0.07,15.6
10.8,0.07,15.5
10.8,0.07,15.5
10.8,0.07,15.2
10.8,0.07,15.0
10.8,0.07,16.2
10.8,0.08,15.5
10.8,0.08,15.6
10.8,0.08,16.4
10.8,0.08,15.5
10.8,0.08,14.8
10.8,0.08,15.4
10.8,0.08,15.9
10.8,0.08,15.7
10.8,0.08,15.3
10.8,0.08,15.3
10.8,0.08,15.3
10.8,0.08,15.4
10.8,0.08,15.5
10.8,0.09,15.1
10.8,0.09,15.6
10.8,0.09,16.5
10.8,0.09,15.1
10.8,0.09,15.3
10.8,0.09,14.6
10.8,0.09,15.7
10.8,0.09,15.6
10.8,0.1,15.7
10.8,0.1,15.2
10.8,0.1,15.7
10.8,0.1,15.2
10.8,0.1,16.6
10.8,0.1,16.3
10.8,0.1,15.7
10.8,0.1,15.3
10.8,0.1,15.5
10.8,0.1,15.9
10.8,0.11,15.0
10.8,0.11,15.3
10.8,0.11,14.8
10.8,0.11,15.5
10.8,0.11,14.7
10.8,0.11,15.2
10.8,0.11,15.4
10.8,0.11,14.9
10.8,0.11,15.5
10.8,0.12,16.2
10.8,0.12,15.3
10.8,0.12,16.6
10.8,0.12,16.5
10.8,0.12,16.3
10.8,0.12,15.6
10.8,0.12,15.9
10.8,0.12,15.2
10.8,0.12,16.9
10.8,0.12,15.6
10.8,0.12,14.7
10.8,0.12,15.3
10.8,0.12,15.2
10.8,0.12,15.8
10.8,0.13,15.2
10.8,0.13,14.7
10.8,0.13,16.3
10.8,0.13,15.7
10.8,0.13,15.0
10.8,0.13,15.5
10.8,0.13,16.1
10.8,0.13,15.3
10.8,0.13,16.8
10.8,0.14,15.7
10.8,0.14,15.6
10.8,0.14,15.7
10.8,0.14,16.1
10.8,0.14,15.4
10.8,0.14,15.6
10.8,0.14,16.1
10.8,0.14,15.4
18.8,0.14,15.5
18.8,0.15,15.9
18.8,0.15,15.2
18.8,0.15,16.4
10.8,0.15,15.3
10.8,0.15,15.9
10.8,0.15,16.2
10.8,0.15,16.0
10.8,0.15,16.4
10.8,0.15,15.5
10.8,0.16,15.5
10.8,0.16,15.2
10.8,0.16,15.8
10.8,0.16,16.1
10.8,0.16,15.5
10.8,0.16,15.0
10.8,0.16,15.5
10.8,0.16,16.1
10.8,0.16,15.0
10.8,0.16,15.3
10.8,0.16,15.1
10.8,0.16,16.3
10.8,0.17,16.8
10.8,0.17,15.3
10.8,0.17,15.5
10.8,0.17,15.2
10.8,0.17,15.6
10.8,0.17,15.2
10.8,0.17,15.1
10.8,0.17,15.9
10.8,0.17,16.3
10.8,0.18,16.1
10.8,0.18,15.1
10.8,0.18,16.0
10.8,0.18,15.4
10.8,0.18,15.0
10.8,0.18,16.8
10.8,0.18,14.9
10.8,0.18,15.9
10.8,0.18,15.9
10.8,0.19,15.8
10.8,0.19,16.0
10.8,0.19,15.2
10.8,0.19,16.5
10.8,0.19,15.4
10.8,0.19,15.2
10.8,0.19,16.7
10.8,0.19,15.1
10.8,0.2,15.8
10.8,0.2,15.2
10.8,0.2,14.8
10.8,0.2,16.6
10.8,0.2,15.0
10.8,0.2,14.9
10.8,0.2,15.3
